Income,Age,Credit_Score,Debt_Ratio,Years_Employed,target
-0.0979499321879076,-0.7172141013416362,-2.012919559311509,-0.9344732366525216,1.681513886708757,0
0.8505219185642405,-0.0446064819310123,0.717390429173236,-1.35017375001538,2.48887766150962,0
-0.3708232399526217,-0.650569352914639,-2.8054789071452304,-1.2141897908963402,0.841109792081239,0
1.7188054085175732,0.9742244976252336,-5.22400555936978,-2.277010422976125,2.2765208288923957,1
0.8994069119755638,-0.4275452975671938,0.08100441238347955,-1.5035096585210002,3.604958909402456,0
-0.9037207873891231,-0.9537074432299522,-3.9587005065653678,-1.429499527227523,0.2552091382720985,0
0.8955691254131468,0.7513517099708288,-3.294415445066142,-0.7246619929725109,0.5101090215267002,1
0.5252760441591935,0.2380314242249158,-1.4061105683275905,-0.997193073563224,0.8852314252874918,1
0.7859936649583352,0.7991411267955701,0.9246780854302472,1.689542622546769,-0.2018982044153561,1
1.3801094176542288,1.4167267344724976,-0.7780267530917462,-0.3045806699823021,0.0271884310679818,1
0.21023519148880904,1.62321128409613,-6.456732343556849,1.662261040458389,-3.777736569562937,1
0.6120667188198256,1.0846318889182645,2.992062405425519,1.0227207910832452,-1.2909332047719646,1
1.0265062414225938,1.239649426667874,-0.4006551114407803,2.3140503532007077,-0.7737017667974989,1
0.5796821359936403,1.134326760654311,-3.3945705767624483,0.6775858951606228,-1.4568385981992276,1
0.3346756375334777,1.1337669048522172,-2.4867759745408673,1.043884108438865,-2.1369577410758973,1
0.4501098255103472,1.177459397119478,-6.3335007802601915,0.4726074974153054,-1.8758173470213244,1
0.8608719754071285,0.3375053480662345,-1.5580083471801547,0.6353525177015421,1.2954213610476415,1
1.2198567371087332,0.9282797692396834,0.13332230622241914,-1.246459989918217,0.9687678337973152,1
0.7174812802040166,1.3041929895112905,-3.05674971402106,1.040385873991546,-1.5760832594563987,1
1.3155687965039886,0.6349603673231423,-1.4337508466286228,-2.1252788434857157,2.071474494779012,1
-1.0580112105991621,-1.2669912049495728,-4.0383603693388155,-0.7076416346977515,0.5570313285631597,0
0.7503570143987333,-0.2637340531007698,-0.8930179369047855,-1.362863183281188,2.785901981412091,0
0.3238990611671319,0.9566617014556312,-2.1588754071602096,0.9288428963907722,-1.7016923132269672,1
-0.41976890462351146,-0.9971742913232994,-6.254292888595296,-0.6983597787761864,1.52653651571128,0
0.6485443862627254,2.2826035674470138,-1.863373579238182,4.619524488223686,-4.687947160518307,1
1.422447395779197,0.9392718572034756,0.0027209272718253796,-1.308140462208378,1.473804348132003,1
0.8335204558075622,1.0067260683893453,-3.0143734283159835,0.8560486752249522,-0.498503147368478,1
1.466948770994811,0.9880360159399336,2.84450272277707,-1.4824721007199853,1.487794206556624,1
-0.9446333489814149,-2.0856485267311955,-5.616142795503352,-0.6989274588260899,2.923216746546751,0
0.6142484398053696,1.308389812353654,-5.85800942580345,1.3401360603735497,-1.8923673256277365,1
1.056048974290924,1.409698032613914,-7.196541147339311,0.1367859714988084,-0.8509684686726106,1
0.1791180208772613,0.6604008410281197,-0.3530597751301814,0.427515985756463,-1.2627992543825692,1
0.7115469864209026,0.1854061629832024,0.04697316604557855,-1.20240680167213,1.527353190819169,0
0.4507459943802952,0.3641532760585861,-3.264881648651384,-0.8506204664830513,0.3540046388669272,0
-0.4424265607806477,-1.8922247710555196,-5.744007604517957,-1.0321714064274123,3.777214131792517,0
0.585633336082582,0.6079622494738542,-1.2203798334325755,-0.4212109805586072,0.0314642967370784,1
0.850009018413179,0.2823404143594272,-3.692987588351143,-1.967617068170656,1.7379846043210936,0
-0.6434221027705589,-1.5142587671113863,0.6687785972311784,-0.6531013116714501,2.250813897406954,0
0.9239612909952737,1.1356919273901065,5.187252698881679,2.202512402276152,-0.7619742179507435,1
0.6813876363702609,0.2142152108449604,-0.32684431776010303,-1.8465245729015252,1.4581324566772342,0
0.9811889158819115,0.0642451748064465,-3.0758200523557653,-1.396288122714464,2.5576826306440577,0
-0.19577896184141547,0.2882916874740358,-2.292852330602793,1.1010325878081346,-1.3775627293135229,1
0.899591497469237,1.009950948949406,1.1600612150666358,0.7967666583531742,-0.3279030779787115,1
0.48200532309656624,-0.5109787499204217,-2.322692130088637,-1.1886494152204938,2.6945009808279727,0
1.500383169301518,1.381119800196129,-1.3611688430616236,-1.0391006995253174,0.522475743543351,1
0.1926931618166916,-0.3128348431263912,-2.624648943022023,-1.5561355489331157,1.4895988524123118,0
0.47706948301178076,-0.5682875844599927,1.6279510294532784,-1.2696785311744814,2.837162613329271,0
-3.304610084185379,-3.470470699631946,-4.075806614382592,2.284361325425433,-0.0648273321509402,0
0.5287359632539061,-0.4553656866833951,-5.061965131840981,-1.2473901146731492,2.682222904413506,0
1.0607340295970804,0.1978543851632909,-0.06643030836495255,0.132518935298895,2.231026782894276,1
0.6182139810549221,0.4137404050075013,-4.153509415422779,-0.8582462778732766,0.6633916408179026,1
2.327097313306176,2.548365479612208,-0.7920339948152917,-0.2531652971933416,-0.3913088398811324,1
1.5642497181436184,0.4796375467704943,-0.12569206670922206,-1.7889395275004292,3.0665818540570515,0
1.1219030169937305,0.4122592248754366,-0.5888394804262744,-2.3588146119995623,2.1633161818048925,1
-0.32053701296278114,-0.564490049720294,-5.673262595046315,-1.5760008342283165,0.7994213563221315,0
0.39448325563694625,1.3311994028231844,-3.457302054360625,2.1454562288858385,-2.6220868080674355,1
-0.6609170821707202,-1.1439811499636523,-2.5448518390330532,-0.3952834642639893,1.2348647152404748,0
0.6870101822105013,-1.362538559877212,-4.229238457280804,-1.6916714499501064,5.44655373124509,0
0.5313008959278949,1.266801174650077,-1.3491137194232232,1.315395465367303,-1.998853862120184,1
1.229500898733338,0.9481708133043554,-1.1622637960079252,-1.2001817861219564,0.9374975726522224,1
0.7473307704252545,0.7628979147462889,-6.238137494144656,-0.7008213599507878,0.09365944793621,1
-1.6036477654881973,-1.7579171688469657,0.028800254718404972,-0.2453328563191531,0.327571575288714,0
0.914613568008569,1.18205047095149,-2.4997036116869027,0.3834751182359774,-0.672304409893151,1
0.7249621138182607,0.7432362772018415,0.21665695336214075,0.2761451807443286,-0.0387448525210517,1
1.6699134498919248,1.2936938789670642,-0.32923096307717037,-1.554063414908137,1.248742187423756,1
-0.4475105927895773,-1.1461094722524543,-9.67507549168127,-0.7400682251586311,1.8371621873823347,0
-1.5455467885573602,-1.398947260085467,-10.505820970773971,-0.9661975102827548,-0.3393733851232899,0
0.7416219154377156,0.942818719055548,-4.878584284796045,0.0593178562809159,-0.4734920970534389,1
1.1889834607109089,1.3962427419753545,-4.727190503855164,2.125900228675426,-0.7253143301026402,1
1.0960836989500593,-0.016616366701726,-4.590002612884534,-2.8637727982832217,3.246853412868531,1
1.1181116078686466,0.372146998884312,-2.7189870237086677,-2.484360731519076,2.271049635587844,1
0.6593278586464549,0.6274652904511273,-3.708000699906206,-0.212777110759871,0.1465496633273502,1
1.2414621304190454,0.5832940087256191,0.8161451589491016,-2.037723022701151,1.9991447036522156,0
0.4695499222659885,1.058938763166441,3.149023525053298,0.5452047313525267,-1.5344834745487683,1
-1.7508375311882984,-1.8325883902512956,-3.5476438034953928,-0.7325265234719867,0.1971912950648705,0
-0.3059139448812712,-0.8228349936328208,-3.401273188354582,-0.6906911787028123,1.3790677799336568,0
1.5149291289999383,1.274313627599318,-4.838379357399188,-1.1787458381328038,0.8484449832141225,1
-1.2317717520191342,-1.4332319381165877,-2.7414126762295057,-0.6660313540185812,0.5224708104057386,0
1.7202475913494646,1.0776851673766918,0.5426598846844399,-1.8662209137416343,1.9659808136415169,1
0.4904205821251137,1.0529199763239838,-1.5193517376630803,0.5678095121187511,-1.4680254121809018,1
-1.225078352068989,-1.4767957418291726,-5.249346486061548,-0.1409764435709654,0.5833876612541321,0
0.932492285291331,1.297371960686538,2.8481482089902466,2.0111865024644757,-1.1250330873709735,1
0.39485877803912206,1.284894670902419,-4.506237412897209,1.1585773143282545,-2.37834232154034,1
0.9424542613409927,0.4384208226394099,-0.3246292999758238,-1.4200266508921875,1.5126189427704504,1
-1.602080576948592,-1.5341338740963435,-5.22878720058796,0.0398434140235315,-0.2714198848018043,0
1.0838433739129079,0.545814819693577,-1.9229385335947702,-2.6528583448239678,1.763807308265043,0
1.558848033964528,1.892764862421332,-2.2534038824469675,-0.1981637598412424,-0.7288160570085904,1
1.0455286960360026,1.3746509363179746,-2.8339114346247585,-0.1532371238201302,-0.7525872568142012,1
0.9263628012688655,0.9445336090864092,-2.8954642066442604,1.0749337539801236,-0.1282080969841292,1
-1.2233352248995277,-1.523209398121876,-1.3369647147677983,-0.3069722387692046,0.7265680453430686,0
-0.18964175575685488,-0.9547154174395052,-1.8039751457539692,-0.8321733618865634,2.032411188736509,0
1.9706073971301958,2.181010287957669,-2.425986199073872,-0.3800896572323853,-0.3686244335544352,1
1.539476679338651,0.5068598481504472,-1.0164095123149095,-3.020464210729505,3.0900343336024534,1
1.1830594984057587,0.3984285419624598,-6.442578800188896,-1.4962822494371866,2.24715858473898,0
0.41349539653789835,0.6695026182880234,-4.719000787604469,0.2020621946078042,-0.649771080231042,1
-1.1817860570476677,-1.4279324058682483,-0.6802839610907432,-0.5455720538941071,0.623273459366146,0
-0.18035179443115004,-0.476700823368879,-0.25185300019825485,-1.3726718310504764,0.9145203858579378,0
-0.09405766098465015,-0.762740356256646,-3.4388183346753163,-0.4204189748597514,1.7415406119674106,0
-0.6787641536036753,-0.6419757957214007,-3.9648534037488283,-2.051683558888011,0.1277818574702061,0
0.35667924330278356,0.0815708285613678,-3.0688443160780214,-2.216266126306848,0.99959215953123,0
0.8596888517832255,0.5944190739499517,-5.713265433599021,-0.9906152980064312,0.8484135844490885,1
0.6994613433055579,0.8705655030293425,2.244767176718436,1.6259028692847195,-0.5989635947465637,1
1.0055005954595315,1.2826797244174508,-3.168394710081311,-0.2302683931294199,-0.6135874860761491,1
0.1747580826284346,-0.3879883146696211,-2.5665115546376756,-0.9156920414941448,1.5520247622038104,0
1.1904592330809762,1.0274573547294763,-3.6166462404114172,-0.9937041193000448,0.6092474896830508,1
1.1461067162741168,1.098702115782363,1.3462446986876597,1.3427507737924556,0.0167518363869645,1
0.7224132289490722,0.9540926137314772,0.6402493476075006,1.351463310682981,-0.7161377940691523,1
0.8755828226053102,0.7646140950814801,-3.9651429199107637,1.7585822233655573,0.1089504539252833,1
-0.7050003760312167,-1.9065150692257289,-4.539313223565246,-0.8438610634345459,3.1089766081983994,0
1.0796236748422112,0.6628562137815842,-2.494078615371002,-1.4090019346585376,1.2982636728836603,1
0.6496759166570638,0.6087637637143137,-2.3617494049302334,0.928721076138882,0.0237482431603762,1
1.760266736837465,1.9739266915821976,-3.203915534540902,-0.4968073045823172,-0.3744075507203109,1
-0.00411436626966915,-0.887292868773089,-2.248517463407912,-0.901215104063293,2.351237742798704,0
0.9035977256288166,0.7773750084662924,-2.53947514961879,-0.058896622598757,0.3803457712582682,1
-3.377954492960274,-3.187389968370393,-7.0375759080884075,0.4635139540364938,-0.7403418526433495,0
0.3551581263324432,0.2490136951074957,-5.861901153732706,-0.9032520282229396,0.4045931010449606,0
0.8592933467651906,0.2717166750377062,-1.1940982335914145,-0.978382941072532,1.6631613120000246,1
0.6339798450368777,0.0187110956592787,-4.911685285475814,-1.0794995819426945,1.7329002016276374,1
-1.6760350949432103,-2.1243210051415478,-0.7508713866440488,0.822643815384662,0.9321813329993098,0
0.6750257524953865,1.0953146214525191,-3.842330007068182,0.130089893607332,-1.0413177471717991,1
0.5885984491578209,-0.3553255971407104,0.11982658437971017,-1.2671322670174674,2.586495139346652,0
-0.013367322065722201,-1.2287896620511602,2.4201626530911007,-1.1831195665683232,3.228034950342592,0
0.7608456569540986,0.3668012204709272,-2.386385717912667,-2.8081735758346063,1.3998759093995652,0
-1.530872135940553,-1.5231057236607053,-5.58553936319313,-0.7263699606026438,-0.0173755126427379,0
1.25098725195808,-0.1447803755793406,1.34006605494303,-1.7243949376115375,3.828025628426986,0
0.6426537695067603,0.2027880262348429,-8.42107886588908,-1.043860673040802,1.2846246948818791,0
0.2582203454461212,1.1717094971025015,-3.184656961028679,-0.3621087356125596,-2.2524112805628738,1
0.6744110875240686,-0.1699062964320286,-2.828581189031193,-1.6371387117094829,2.3863144918754218,1
0.9094792921286183,0.5902296279202937,-0.560829050730808,0.7409321756074837,0.7678760549422544,1
2.0579442821329437,1.823574366931067,3.203308991671671,-1.389116772600213,0.8913263958245469,1
1.3630732885805874,0.9685874423271972,-3.684234560001521,-3.31939281629657,1.501433884868445,0
0.8112632626103935,0.8982601624209308,1.9970561640654159,0.9701803839011408,-0.2959796696294151,1
0.7135394960252667,0.9751723631380772,-4.817213536296222,0.6267816989933206,-0.7003737274947814,1
0.31077872097759496,0.3468277516792576,-2.3401758021988277,-0.2646380416580414,-0.0393668901070193,1
1.4922804491488384,0.5768802436542123,1.5329874823618002,-2.696951032852924,2.749237491530223,1
0.5457795734971225,-0.7162345519102827,-1.4677399516119567,-1.4220483908983763,3.409321401575109,0
1.6331838196005508,1.6277253340647566,-2.8292219694370466,-0.6596966535937215,0.1938032544731669,1
1.310702172876025,0.4338583815056648,-0.5736682219919402,-2.076350869905125,2.561983793894972,1
1.4584912000227555,1.0906588334317506,-6.551891818709922,-3.5501563718944302,1.468885129543222,0
-1.7120830479890323,-1.7353812670258022,-5.955793623531219,0.0570886960548229,-0.0489833340064588,0
0.6149792163840211,-0.2512741646051901,-4.461350309267316,-2.0713585661384446,2.493592187121098,1
-0.9474065273731114,-1.4068965755287075,-5.017271506740854,-0.4592345259485554,1.1664334312317437,0
0.5317626460895379,0.1052018095394383,3.120716390536172,-1.026322966950644,1.24217200031518,1
0.5630564666675122,1.1417330898877998,-6.328107476250215,0.8683227850841442,-1.5429383922380988,1
-0.58229573404283,-1.023023631119124,-5.664045956609544,-0.5862853652169937,1.156551067058902,0
0.6400772944841241,0.7376009769700136,-0.039772889897958574,0.6728611011945386,-0.2949060586713924,1
0.8147240791523862,1.027447390484714,-2.870956306458332,0.0581857976033088,-0.4982409734875302,1
1.012331421916556,-0.2755801176363909,-1.4963216319256525,-1.6126277090396484,3.526597824341322,0
0.45611780255771206,0.1874376544152383,-3.8330528400175927,-0.9868668753055624,0.8328299394752003,1
0.9198173750291184,0.0403895272591072,-2.1363958392816316,-1.3866791040058946,2.457831053273456,0
1.1133572908337948,0.9074529603730072,3.1923252999948195,2.535690613531874,0.2645716424213704,1
0.7026082107987717,0.2076104595908503,-2.2016892655142186,-2.3923839071181003,1.5992678922154775,0
0.7292462789892402,-0.1565752981166426,-0.16600230004786054,-2.62229599882603,2.6199345344680984,1
0.6573432522304485,1.2089432512703229,-5.164580810164541,0.4695742198559935,-1.4181070326603438,1
0.6460720679507443,0.5599007070947826,-5.14221631797898,-0.5852853267738185,0.3306894497223779,1
0.45893609799708424,1.5515241120637893,-0.15762082208036698,1.372461996268418,-2.9147862257589603,1
-0.7187987817680747,-2.312391735963523,-0.7109450677138882,-0.9874535333688094,4.119464817242464,0
0.8629621074062164,1.0022048125280052,-4.081112886064149,-0.2411847441014154,-0.27122574003578,1
0.8694095671137817,0.6611494733083567,-2.9679790783734137,-0.0515025123988661,0.5851751278546402,1
0.7141935969012781,0.0807613796598067,-2.7534812179155317,-1.2937936816295474,1.810873254653636,0
0.10533098733747182,-0.663648658363934,-2.999821143684222,-0.9854510599082792,2.0791501683905347,0
-0.2228067944824989,-1.110198519590306,0.41886139102356257,-0.910081380923468,2.350169210923852,0
2.7783903214980734,2.4689831390783468,-3.2107187760196565,-1.444880213283024,1.1308572381295092,1
0.24845357708357907,-0.2290033480457601,-0.0060246825578809116,-1.709868062992703,1.4413310127317092,0
-1.0962765239278969,-1.3372372930868524,-4.523659481729905,-0.7016117006657203,0.6350128387917031,0
0.7283194094671817,-0.3635238774429631,-2.228278192225851,-1.4182310442199235,2.9885738219719262,0
0.38690966999188947,1.0903100989640593,-3.599082428068203,1.509294590915705,-1.9507044462288257,1
0.7205465677856412,0.3015656990188298,-3.1762465505037216,-0.7235231474732777,1.1955767989741877,1
0.6240904925733475,0.9004152079571619,-0.818258407477879,1.593093414408017,-0.8657246264146778,1
0.8172454164866196,0.8612765355416201,-3.880436350868692,-0.4859128930421676,-0.0016474487135851,1
0.5330307372434762,0.1077538080014421,-0.4137303243550883,-1.420112785341888,1.2890694599686483,1
0.532844627331881,0.8161106788278275,0.8557276190701932,0.4751785718869257,-0.7465188539031145,1
-0.5830892291630609,-0.9010001449424336,-0.3660238141052088,-1.0347436397963052,0.9024646378486184,0
0.927408332980111,1.2091339499206115,-3.42914971533635,1.694612472466445,-0.8744669659526408,1
2.1274184449693507,2.048156642805228,0.9128374820169096,-0.8407682501953575,0.4328336429604923,1
-0.6841346087880319,-1.667700255103103,-2.8527773018960216,-0.7528281889976737,2.546615504735913,0
0.829640336055769,-0.2808666790807519,-2.114339936201344,-0.9667086704899928,2.984389940220034,1
-0.2782037215993572,-1.4875245046396968,-0.98830521805063,-0.989616833356492,3.1723931675975523,0
0.7608594513685892,1.141991833041459,-1.536938879038319,2.053544267795771,-1.1816818172899448,1
0.5586253314280099,1.3912086743655512,-4.439038089037443,1.3099238231347237,-2.242438655383918,1
0.3139742083981101,1.227663973945769,-1.740913236619288,0.4642931265235052,-2.354725065908136,1
-2.0161538102512377,-1.7417807187872247,-6.517351268619092,-1.3427541420154494,-0.6427988452691138,0
-1.1277557867098613,-1.226132440328914,-6.169093444997664,-0.7967963635393114,0.2841329334386416,0
0.31479466748191487,0.8748751132302953,-0.6348314759038454,-0.2898291301776861,-1.3631738501607922,1
0.42901488227016005,-0.7211765927418938,2.280029228065141,-1.2797370302721556,3.1011348501992053,0
-0.4047196995890022,-0.6498319577028946,-1.6119876974582783,-1.3258078157249833,0.7655896080033257,0
0.46978953564127546,0.9063187681359012,2.5826450405175407,-0.1793234431063586,-1.0551807746305375,1
0.2979752194428519,0.7918475036791454,-6.1845644442097045,0.1706858434456207,-1.2550334797086602,1
0.4984014802221437,0.6258006070416566,-0.6805172893690705,-0.8662834645469855,-0.183190060694403,0
-1.3759767669077245,-1.3764138065939198,-8.845686180804094,-1.2872901768447786,0.0838424900703096,0
0.7149189898380877,0.5967691716181407,3.5881827815573435,-0.0899689480921217,0.352749062274479,1
-0.8024661522155643,-1.0098240274020092,-9.506656945706919,-0.5069192479384891,0.5424341795489687,0
0.9645751105824397,1.2657696235839395,-0.3802261346738698,1.5916377301654725,-0.908495913592263,1
-0.6721087566388129,-0.9312411647043898,-2.1491647209270535,-0.8198904350917993,0.7210341816590629,0
0.18590431107398792,0.2201331435217223,-2.0388999033137307,-0.1930827525461044,-0.0512029536432805,1
0.45390431845152657,1.0375401786950929,-3.280873025655677,0.1719278525131692,-1.473366840905798,1
0.500657260873413,0.292909864335818,0.40976859488028294,-0.6062583670834656,0.6327238212514217,1
1.029695778787814,1.484250783216368,-3.0863275937870585,2.0260737990582327,-1.348333287661015,1
0.669587626114332,0.0703041172010121,-0.9330588962373351,-0.4042272801628634,1.6086401766480538,1
0.21825026004686024,-0.0441325484725739,-5.358259596879613,-0.9519849303310196,0.798449402389117,0
0.9662942944153066,0.7377825791279949,2.682768908893028,1.809037828104349,0.4055799518118433,1
1.184961324125861,0.91270408101227,-1.4529863993426129,-1.18024541133493,0.9093625534960236,1
0.3190038128852271,-0.9818453576991092,-1.7676181727596931,-1.3490845639842115,3.485060501097605,0
-1.4384937168954384,-2.592230866225452,-3.570546858136958,-0.607656166457827,2.914775382798628,0
2.0254292274205694,2.860859515226388,-3.0647316663210935,0.8504722784196119,-2.104923616740886,1
0.6632875614846031,0.8006377172264089,-0.009332245896679137,0.4715883183743186,-0.3688173725789687,1
1.3992954753842155,1.0127137424159378,-2.291093622532816,-1.4038815662366786,1.2399676347817776,1
-0.6758298932740849,-0.9323775348457708,-2.9741684388864265,-1.3162628355417332,0.7773878242264872,0
0.5789268242970211,0.3185304620663394,-3.8965935090169452,-0.8976799444206633,0.8077336267982114,1
0.8034154482147522,1.7120838202045574,-0.7414393901310408,3.4599181540710044,-2.694136612616399,1
-1.225439503214421,-1.7527659337100836,-3.1333159609993855,0.5886378352175392,1.1886399332965274,0
-0.9926191895238368,-1.1866524449134177,-6.018854824965999,-0.3412827511878586,0.4764356945517989,0
1.4997878837591232,0.8428531158989375,-0.025575804779631728,-2.100851029517416,2.0192472726498627,1
-0.6108292929474327,-1.2195155155772608,-1.5733114627852278,-0.4001694903442857,1.5566039603358408,0
1.000261493602242,1.4541305206005593,2.2446891848479567,0.605896957529269,-1.167736664026096,1
-0.6116107800507463,-2.33894777813106,-4.767102922011231,-1.0619853310059306,4.473990659049129,0
0.6282331376990304,-0.2176148332883047,-1.0897247866007826,-1.1948988317765192,2.331238526031928,0
1.268683068842559,1.9817017512135409,-1.4107699594774326,0.7418980263730262,-1.8256019983630107,1
-0.9940711086023504,-1.839365699736312,-1.3728549848253777,-0.630886515767215,2.162666158135066,0
0.777335336807174,0.4162422724997368,-0.6741509910201242,-1.2517892220509996,1.119476850177081,1
1.0114837977523001,0.4430434906317531,-0.9865109993717647,0.5087946516868243,1.4345369053944137,1
0.8960238513620349,1.3931595791769986,-1.0003546508902534,1.7242885727112798,-1.4256695793237064,1
1.4286205689894904,0.2506143397355884,-1.8652380444023087,-1.724511925505139,3.2869541256714863,0
1.0118729077437798,0.9022023266912618,2.240693294416517,1.6146034195294778,0.1319898484335144,1
-0.6240439114198865,-1.9199039445403707,-4.230222334086661,-0.8685507023925064,3.3558335882489096,0
1.4744604766476006,0.3941503028830033,-0.38570369433930624,-1.699288462946443,3.039002936328988,0
0.9433914130319345,0.475848181269066,-1.7119980751722974,-2.539618991800052,1.5626214986738292,0
0.922940984038717,0.2410029204669318,-4.826465090120411,-1.810550869039599,2.0117202522050213,1
1.5047465551570223,0.4189884791672136,-2.176627074301773,-1.7615358631825666,3.0624985327958214,0
-1.6930109040105488,-2.22327373842229,-6.668174677440164,-0.1166126850296048,1.2582472647117675,0
0.9216292785701264,-0.1367905930463836,-2.1181145793179255,-1.477035342478596,2.9227715402955625,0
-0.0845864417194827,-0.8933162680997521,0.8356164318324688,-0.9210195274941168,2.1604606719659603,0
-0.8203157794574327,-0.7813529541973633,-7.605681157603703,-2.004634957413902,0.1079633256143068,0
0.5974964195697675,1.3516792112735738,-1.2250202455261445,1.282308323204462,-2.038070116065797,1
1.1830383570943455,0.2896313371900805,-4.590782525331108,-0.8864971500882284,2.445120318751187,0
-2.262048809802493,-2.224923505982331,-5.525665221887827,0.0604667251582768,-0.2348092333051357,0
1.5188741770974659,1.7705675240382164,-5.340059647633115,-0.1661563779701407,-0.5269855971141226,1
0.5851068906941665,1.825234327420808,0.2598725965565021,1.736923623894453,-3.3273902396825603,1
0.0675889102462077,-1.0545256751150196,-0.5820372700407117,-1.09081190475826,2.9847339071668237,0
0.5981486039982257,-0.095203417038431,-5.766801714650189,-0.974403487182129,1.9151942050636772,0
-0.06691535230519095,-0.596283186542643,0.6940000782453866,-0.7746760334724593,1.435333915112863,0
0.5740978261471454,0.4803322618457295,-3.5012918419596266,0.5545827762125342,0.2007423624031709,1
1.0167131455739264,0.4553020708667143,0.24751792051374527,0.9468108288501116,1.3613426664661412,1
0.390264102771172,1.1959625300932304,-0.6573563595549361,1.2169290190870448,-2.172426031260007,1
-0.011302676405984551,-0.3472317547134016,3.1760816790644366,-2.054231298838764,1.1113811795540562,0
1.6583626100239879,1.2434612167024568,0.19626845355663658,-1.4593113016562702,1.3339856396013232,1
0.7103694480822962,1.7095870043048362,-3.962539048506189,2.1726048613772653,-2.7652546230225834,1
-0.9682449484625176,-2.0067082061117856,-0.7499281406473104,-0.7000038016683181,2.662224845302263,0
0.05943825852516045,-1.0079311005284644,-0.19911146977626526,-1.0610023754372775,2.8418071463287835,0
1.707938090757939,1.3584856237702303,1.5648478795462668,-1.3884795518347854,1.1621289309308804,1
0.6801010141938328,0.2081829428332372,-3.361995342897303,-0.2764213231355605,1.2704205511113764,1
1.022744257533732,0.0745775317521615,-3.3001658419148567,-1.4301728615447349,2.643516782152427,0
0.8302956998379251,0.1726362446918333,-1.0908287957470777,0.3536257793892122,1.6695786967018251,1
1.6045861051684205,1.9423644398453623,-2.6589775218349363,-0.1646324396882332,-0.7401691440035479,1
1.3781771480609262,1.2880365195944448,-3.4250773092760936,-0.575007014191558,0.3825100467841916,1
1.220790097073521,1.0272562791225732,-0.08043157052687633,-1.2846107949400585,0.7253541308189974,1
0.9920576159990275,1.0153382795079862,-2.548405668525517,-0.5167509338453342,0.0651152104978538,1
0.8188982642580296,1.8222340329149755,0.3851029764631093,2.7757104040079854,-2.845991097106185,1
0.6339844430146588,0.2071890679809844,-1.0988575824310616,-1.70899297339759,1.33558934250063,1
-0.1362813499587084,-0.5239433789444213,-0.41039834972669853,-1.1536982045875883,1.120542485484288,0
1.2863764207402009,0.3442941194842565,2.8375058743056436,-2.843192822903724,2.8232984765570137,1
0.7239199905162614,0.2631695813887622,-0.4985979740243096,-1.5429715833528477,1.4057693881059483,0
1.0463528298578915,1.4236283361098692,-4.139622379520814,0.3034696374095116,-0.9325747613655732,1
0.22321495656407703,-0.3238977260064491,-2.5617546407544145,-1.408058564730445,1.5778891042148189,0
0.7176555956605584,1.440444757132194,-3.5445830021585474,2.440108911260489,-2.098714815708604,1
-1.3397542773910207,-1.4911312979064306,-4.878886650606194,-0.4596303112428177,0.3630226528152062,0
-0.3667921573549171,-1.1869702551980894,-1.0132558630728599,-0.8478741763098809,2.163551227927183,0
0.1869170429703252,2.00119546283815,-8.157013562628705,1.439880384137287,-4.767233456305721,1
1.141410416415157,0.3837118772602361,-2.102108476350669,-1.7881105566927988,2.2136038764901,0
0.43182289051890027,0.9243280216669286,-8.693646801212505,-0.2816828014041754,-1.186172080019953,1
-0.186650568738096,-0.4146345065892823,-6.771030159069069,-1.057657770793801,0.7009398400065936,0
0.33170155140101637,0.4949532093114871,-2.4182385687049157,0.1328585182302826,-0.4108558110109863,1
1.5208176588014748,1.2450745552396547,-0.2142776867837195,-1.251506532246416,0.9470135970964269,1
0.7023663259488782,0.2997700740637122,-1.6939635839588165,-0.5264128426264059,1.1279440836768009,1
0.44479448047578385,1.2641259283601,-4.029667201777171,1.4721459593875634,-2.236200476180197,1
0.903562122905547,1.381608535599162,-0.2935031601576228,2.4346613491523965,-1.467209038607322,1
1.9811950208602607,2.416229860877789,2.991185578240196,0.0575978307276021,-0.9925973868832734,1
0.22324981145096073,0.769020317860301,-4.702221561677574,-0.4067591476980581,-1.3174474222983903,1
1.0983605844737236,-0.1505777321074273,-1.193568455027128,0.4228285164729068,3.174119076530106,1
0.40925392128752835,-0.5746363414440465,-3.4390857200637877,-1.233213166126983,2.6728548701024994,0
1.024434270903827,1.1800344225978032,-1.301249310011631,0.5301189873776484,-0.4012345199586506,1
-0.7701163857473251,-1.2742022514017448,-5.5796929285968435,-0.4754757828917548,1.2918803563382222,0
0.588305963722165,0.0136670424901765,1.6294755488491828,-1.3156571764354543,1.6573372749404047,0
0.7665921313125219,-0.1894436352354325,1.235444791660049,-1.135049693513424,2.610847992320881,1
1.379889432833004,0.9138889938874208,-2.314215970894657,-3.196874093251968,1.6679730936343184,0
2.1886979217167752,1.7707750365796429,-3.906858272663197,-1.6748134936664374,1.40024481008939,1
0.7517870071737206,1.0210597708925222,-2.205505631746603,-0.0584534065676369,-0.6303382838473509,1
0.7232454279210356,1.4992210900852918,-2.5247791218166764,0.9881233669223632,-2.048458812342097,1
0.7515463134745815,-0.1860909713094612,0.45203395966823523,-1.3657621025919098,2.592701391232345,0
-0.2639966233067037,-0.6020057274038233,-2.3422938622111418,-1.454670426819038,1.0255410799059284,0
2.325049985417138,1.548329873974357,0.7882161008777742,-2.446857407844975,2.4151888747086443,1
0.17672861433147224,-0.2333730727482896,-5.509963100462247,-1.5973183590197713,1.2522043022187836,0
-1.271394659810659,-1.6438275210635585,-4.581118200006434,0.0973347097049206,0.8561022027408329,0
0.9021406013684021,0.1264932399089937,0.9340694538278482,-1.3732388152011412,2.192230721943932,0
0.8846476368131977,1.2534330089163297,-3.5361882622915037,1.7807850396380198,-1.1084422247962418,1
-4.045138130242326,-3.9505957101665934,-7.296522225378274,1.8934690613473968,-0.718229842098546,0
0.7886071063472326,1.678397631641892,-4.528231511470377,1.991668935788744,-2.460490858459652,1
0.27090860760867735,1.1069377863371483,-0.5650181986265133,0.5367763495872528,-2.169780182449045,1
1.0182831896989988,0.5696197510357813,-0.5939324910505458,0.383769281238026,1.1474690646553365,1
0.14729664432307588,-0.1753862437297694,-2.2504280384814317,-0.8020099745791215,0.9279295122923752,0
-1.4143055758162393,-1.4360373299125804,-6.126036294454417,-0.8306011860255869,0.0774487964819459,0
0.18196359344358826,-1.4310355579874117,0.18882843576925423,-1.39918222848972,4.2739694586253485,0
0.6867040488233744,1.0560589740978092,-3.0543491123242847,-0.4131429303522855,-0.8425491171127255,1
1.2497367867228855,0.2108607964498005,-0.879939415300947,-2.712238002556487,3.049645721205361,1
-0.20745045460254166,-1.3509145466880748,-2.5422262463754484,-1.0184124621275137,3.013418422426576,0
-0.17814651078081,-1.2516624030824586,-6.4684899595696095,-1.0341140806295346,2.8399770880807886,0
0.7857748134859763,0.0320370513117167,-3.7592487666574397,-1.2848320192926652,2.1186505049267503,0
-0.8438295084931213,-1.204296651835318,-3.4617325944190607,-0.715769673898651,0.954347377621433,0
1.0340736409625602,1.0609005106749003,-0.5672502211577157,-0.4108013945401961,0.0451329433063678,1
0.8370377221922163,1.135741494578469,-5.611151798796951,0.2566614445676516,-0.7399344657978462,1
-1.4030672928900199,-2.517943094471592,-2.4717884946393327,-0.5303919404898877,2.808608229699536,0
0.5005342330650919,0.7518211332443887,-4.1083971079182,1.1436870365391163,-0.752432477989627,1
0.11661303023975714,1.033322823805073,-5.185501732768702,-0.1090270457234925,-2.301082159261764,1
0.0380706133643346,-1.420991482050013,-7.092511714936197,-1.201997369553657,3.850543269576928,0
0.9841359791071627,1.3310367262794236,-0.8421940327529756,0.2171895635383778,-0.8483319001044277,1
0.300652790362416,-0.2059911766125516,-3.60924761721259,-1.4723444154838938,1.4881223095341416,0
1.5771224744271612,1.286510623010387,-4.287316970104104,-1.692681895013352,1.0440856289250804,1
-0.3350588117458377,-0.496274280452085,0.03755700290411079,-0.2735907179983076,0.4233967383895737,1
0.5270034891648758,0.9579126278717636,0.34602392570330176,0.2226857996941081,-1.0887000281076384,1
-0.9617588362741377,-1.0478944974821307,-1.5445292206007153,-0.883446046831974,0.2739145286002593,0
-0.1865750496621165,-1.3907163503518158,-0.23168247553864796,-0.99592417283148,3.165467917930369,0
-0.2711759846921006,-0.7234755705633834,-5.008604978903577,-0.6334580981039009,1.21016307275064,0
1.8366879029859198,1.7240251237205366,-0.0616884837875471,-0.999859037147458,0.5205549598296246,1
0.26333038507019807,-0.3007509239150643,-7.233775935546438,-0.907782950697068,1.559611318462223,0
-0.8452907593122758,-1.1188746007973704,-3.908561528267391,-1.0023469973403922,0.7706481653131029,0
-0.9574320252798069,-1.0627796137886645,-5.056764470055154,-1.5990824317543084,0.4138293216175819,0
-1.328052307371125,-1.7655766164326174,-0.5288144915946922,0.1655741858776049,1.0089523878964253,0
0.2557336883333991,-0.0767325735398861,-2.5246778136613943,-1.5488157776480005,1.0540530266782664,0
0.9847849261651369,1.0497796440950329,0.4076404837515404,0.7493270284326543,-0.2019600919271281,1
-0.88142742240624,-1.0655639430722428,-2.796105685138351,-1.4432626935438668,0.5980405415047331,0
1.3380699121298347,1.0346123161944336,-4.35331652775111,1.6413878150791246,0.6385924405823123,1
0.7145439797155178,-0.4068533312165833,1.6494009157199965,-1.3016905709267803,3.0477972233773687,0
0.6736236030979497,-0.0839826163088943,-2.6460887186244446,-2.0609202344777344,2.220537918263791,1
-0.0231626830265304,-1.280028635018241,-5.627897863037494,-1.1934238311086751,3.333735709763861,0
0.5593704989184172,0.0595056596952303,2.239896983050131,0.2793247484712335,1.263430515813899,1
-0.6502495568763343,-0.861296406762271,-3.366814348526068,-1.5654803237227826,0.6953409550470476,0
1.38374002047903,0.8210285703715382,1.0068546333588153,-2.0641802130426674,1.769111158217408,1
1.6703912953176578,0.9739642763779738,-0.22381383089114149,-1.7934347835750797,2.09021806864599,1
0.34802536173546794,-0.6454098979559886,-5.970713328482086,-1.2129865287689163,2.690855567546061,0
0.7165658423179261,0.5336666409762476,-0.5420536754260923,-0.7479833032777783,0.6005144178356003,1
-1.374101003362309,-1.7113215032961042,-7.851943046479148,-0.4740206333031428,0.8335289038755297,0
0.12142827236850284,-0.252446520433187,3.7173078230371206,-1.5990629392298916,1.1574183932919548,0
1.0538379666230984,0.8866233812149786,0.7605547134904129,0.4189108928594673,0.4322495324046644,1
0.5296202681854825,0.0347241730845899,-2.8294757377224444,-2.4289196556108443,1.5934783627108629,0
0.7247469796225956,1.0508233159737896,-2.939195277470512,1.216704784323886,-0.9379494245733672,1
0.6575393444983554,1.6517856413107028,-5.257897752573058,0.9076367972713428,-2.594917419848657,1
-0.2108922100851504,-1.7593886913348178,2.8699434721842714,-1.1945650500207203,4.061466070338788,0
0.5641366367996526,0.0181247316761521,-3.0152068052638503,-1.239604019949104,1.573738846887852,0
-2.708805700243785,-2.763998116797638,-2.4097141165205302,0.5560880571867248,-0.0902996847752018,0
0.6752962775686169,-0.7197124037609649,-2.101181680456393,-1.3870679451427288,3.749337029403234,0
-2.1558606207845217,-1.9478412513375547,-10.889909295596272,-0.7129697191978239,-0.5630445094417562,0
0.7288450972479575,-0.2459618987134237,-1.9425832725507473,-1.3668657146002263,2.6856480824521736,0
0.9858943200507861,0.4550229555044108,0.9177936293518734,1.2373197305899302,1.2452382157779909,1
0.3863813929920448,0.1996880649214648,-6.604412763474001,-0.6577497802492215,0.5792230097671343,1
0.5127975533622813,0.3128062483101655,-1.0768175452975808,-0.827766045006084,0.6419609052152428,1
2.2621475480687327,1.4310688280371917,-0.4273174604168889,-2.3821480387667124,2.540936809541833,1
0.9206363967050362,0.5027184374384623,-5.164899782040206,-0.1014877194983101,1.1255586520564067,1
-0.060085655760435,-0.5181291443044587,-3.1562375623527075,-0.8809563850649706,1.2686029050519712,0
0.0719121638620365,0.50446262536444,-7.9717133062195105,0.43756048872773,-1.1469566845146535,1
0.28082430181720774,-0.3589869117001167,-2.967238798561882,-1.659567047823653,1.8480439465971448,0
0.9316318307596312,0.7572024123281936,0.5657924812611295,0.5281587726632975,0.4294407583396343,1
0.8228902831429323,0.878034230948461,1.135110356229919,-0.2858672368695386,-0.0548994619171892,1
-0.9748466215238221,-1.3718040502768352,0.10157539396012805,0.0974864769380636,0.9356455864205768,0
-0.9955244727410628,-1.848970125444681,-5.886880629173046,-0.5666777635321887,2.175060497163415,0
-0.6033695044584525,-0.7975227968418285,-5.9208196616890145,-1.3535166889291963,0.6283583613511078,0
0.5908287066638985,1.486742323359217,-5.975860807079101,1.7548001529065271,-2.457515291513919,1
1.8592679922538708,0.4046920416222358,-1.348410032327762,-3.8372309849105672,4.281432302213246,1
1.0451531012687716,0.6291139080573775,-2.4366929631418413,0.5910566969803075,1.0400616997355412,1
-0.21051566363803065,-0.8437605227304462,-4.211593073055921,-0.8345696246590075,1.697596846204736,0
-0.592288485703077,-1.1039623943425363,-2.5478263682100364,-0.6460385294916279,1.343250721206552,0
0.5941466363191166,0.1741649057132113,-4.974567001836602,-1.1469406974086291,1.2445170036876951,0
1.9110641354007978,2.0567688741193733,-3.140753603237278,-0.3008602754125571,-0.2183376382393076,1
0.7399885648950396,1.4708725751524367,-2.558352645564323,2.81011261167256,-2.164953162088044,1
-0.4152530130231855,-1.1632827852556686,-10.931389952395733,-0.7924188400046424,1.970913718172201,0
0.0054608245351649995,-0.02299171575479,-4.631231817109896,-0.3766682090589122,0.1202822730544826,1
0.4503452233130928,0.0777468252738058,-4.695623423327764,-2.591308840997652,1.2997127765588214,0
-0.8326812828146515,-1.0243682523690425,-6.386218605003775,-1.236489478558605,0.5937385972295932,0
0.1253002376336613,-1.3125186713681791,-2.3279275269380024,-1.335606938713977,3.818861535946589,0
2.498694343696372,2.591342121708567,3.2092509371517908,-0.3431550771351473,-0.0440047519865738,1
-0.5358718343030062,-0.6682575294410198,-3.8947123995427546,-1.656789038884568,0.5144514836294687,0
0.4712148787161597,-0.3270757023148981,-5.697849576764111,-1.15575951947373,2.196571629824147,0
-1.6454804708674196,-2.0821112695449244,-6.466379952960142,0.4083535177772441,0.9571409791380618,0
0.3780472768235469,1.317174108126542,-5.802665818699078,1.5395713093271213,-2.5521146371276084,1
-0.5518560378044041,-1.4760840636483683,0.9253986832618133,-0.7014768549395722,2.3975803715581354,0
-0.8274361939076225,-1.607309309105049,-4.678106901174427,-0.5587633109509094,1.997602101684545,0
0.7496151630703376,0.8744598252972062,2.6603509412331094,0.3232838968030344,-0.3132062113169851,1
0.6007160293938741,0.0988415621603628,-5.054539456390378,-2.023500248712077,1.5637824194746153,0
-2.018468459059442,-2.063973001758184,-6.746653781922951,-0.2840265056259248,0.0326099152974499,0
0.8490234890026397,1.694375526368395,0.10582953063386258,3.329912201649479,-2.514556352450904,1
0.36083802641425006,1.6183640480507564,-7.058383999200415,1.0095940317177163,-3.29216395605531,1
-0.8359297499558824,-2.0632532767909884,-4.999036202928583,-0.7095369966525602,3.149560047276533,0
-0.34246212785005004,-0.942790531200974,-11.125449062090542,-0.7477411013965528,1.595422872017835,0
0.5302302857443779,-0.0998150307835277,-0.3544445391898319,-1.1247000286731024,1.7699692071096862,0
0.407336180343301,0.0751866635199787,-6.034740142205326,-0.8717587039219546,0.9760753146990152,1
0.8013177134583793,-0.7738705523951624,2.901054443798972,-1.6711631775114264,4.249229390768331,0
-2.084064395767726,-3.1975980744168497,-1.0977083743341782,-0.1629980793908522,2.7184234241116254,0
0.1813455964604004,-1.023838691943063,-4.433238828504193,-1.1431696722445663,3.2084805390831304,0
1.058176523204145,1.6632033005839222,-5.045482086151129,3.1207392418637605,-1.866965369445035,1
-0.5786640264032314,-2.204192379107061,-3.0045348965873333,-0.949527420505068,4.203771860700789,0
-1.3903655710139198,-1.585811520313544,-5.092364725757889,-0.6083457982078813,0.4905717531543787,0
0.9835064740811041,0.8680653344870709,-3.801372065779215,-0.8684070218109916,0.4606782438112364,1
-1.092938830359083,-1.278026464333393,-1.3594623016818002,-1.0947150202803129,0.5436832785806236,0
-2.3817747113353716,-2.274269229684079,-5.219831563193208,-0.0456680951760155,-0.4066134664396821,0
0.9660610848080138,1.23885485412813,-1.510037500984933,1.9948116031784948,-0.8877441414594253,1
-0.5804186296574454,-0.504516553720304,-5.485305900197052,-2.107440583323437,0.0415925469341983,0
-0.18755354525806095,-0.407671582025196,-3.433346814257677,-0.7033660656499587,0.6359121973395733,0
-2.0962942226336336,-2.3918388302546205,-8.430233615045989,0.6631031462359616,0.540884878464486,0
0.3074908470168978,-0.8270133682114361,0.2646464056033522,-1.1936505701753255,3.043305898424728,0
0.5041760080225314,1.2293078544134977,-3.3742034842045068,0.2020549737239606,-1.832615610028877,1
1.518789465527952,1.207679163780614,-1.1170812462310908,-1.010238762879107,1.0057911070595194,1
1.0162640244405647,0.5022938482015757,0.010979074501157537,0.4860977601230333,1.299744466772956,1
1.0933041202594362,0.7402704730681233,-4.0814762483141145,-1.0877025181056683,1.0967892999700315,1
-0.02293235844487935,-1.682539823000938,-5.4998401860054615,-1.3528814989379845,4.374074223906175,0
-1.2086673834345976,-1.3258586766727931,-4.086597362826181,-0.4524559390581725,0.2832387348514767,0
0.9034049596319472,0.6312685497341736,0.6417121214931576,0.5444516404926651,0.6731766773316126,1
1.4471021561143285,0.6465614463775062,0.3062168400378642,-2.1335694816848783,2.3840275391819965,1
1.21133286076908,0.0645370925879679,-2.734020959382855,-3.1012401171270088,3.370187099373347,1
-0.07811898270738885,-0.5542872234419571,-2.740965194654502,-1.039425905172542,1.3335986956169283,0
0.1440553135466364,-0.3481282578790706,-9.76841005143071,-0.9030192489144412,1.369888034195186,0
-0.5788128801999064,-0.8611273591424529,-1.6920279916335024,-0.6348329035379563,0.7617059373041479,0
-1.3729385373343583,-2.407374161936458,-5.455441453427855,-0.4805679826923097,2.6003094554792807,0
0.6490077656963259,0.8269656857382508,1.2094551624932537,1.82511352502292,-0.6446228517431276,1
0.6651449773210858,1.6464735132379564,-5.241945709611289,2.2452302421761248,-2.731841955898357,1
0.1814739892079004,-0.5474624120310216,-1.576155177450529,-1.0072128108844904,1.984977403206907,0
0.4834512411105879,-0.3035492984602083,-0.12212809233606503,-1.2075666992350524,2.1752844402455325,0
0.66411568954312,0.5262528272340715,-0.18107450332255426,0.4481769141615503,0.331257289786603,1
0.9776910069609206,0.3670617329189538,1.2492936842205253,-1.7143993985158368,1.822106679789468,0
0.5479003943090022,0.8624067628503255,-2.1020013702576765,-0.2083321406603426,-0.7378414382640592,1
0.858775677226118,0.99260512985588,-1.674325209307344,-0.4468525589868122,-0.2316086658312642,1
0.7104087098058691,1.1305390394684474,-5.66991115183291,0.6676283335946105,-1.1071882905700807,1
-0.46669776127468354,-0.8395485973584221,-1.5772910304922085,-0.9531133915149984,1.0380822203094278,0
-1.416881166466646,-2.4666073353994387,-1.954831070623108,-0.413671501446577,2.6279447139204963,0
0.5322712202539364,1.371631352456885,-1.0766375534752706,2.077689786789655,-2.3587830619336403,1
-0.09280029157842345,0.4675694972107874,-5.596830777181847,1.1484177143206544,-1.5707768964227429,1
1.2736756351004008,1.4303095834316666,-5.375091682295862,-0.1802033513329186,-0.2988631773511115,1
0.22797872002635583,-0.6125397331222744,-0.6794254328279257,-1.0807902740293862,2.27968047003172,0
0.8034320791137072,0.3334843136796535,5.044951335439731,0.0481393338008671,1.2314151496408094,1
0.44740256468432416,1.3434096395026254,-1.607794271325513,0.5423678379949353,-2.312016644540315,1
0.3044990147810343,-0.2805433643573819,-1.4067407580427833,-1.6907221791023357,1.714682203487392,0
1.270171909891583,1.7462991578623372,0.9478553949632054,0.592996770610829,-1.206590485173868,1
0.9837749665398698,2.4617784404240943,2.815319441693368,2.439457874936033,-3.9957522336145255,1
0.36478530366004963,0.3459095954130203,-2.9873232479384484,-0.3353249794389467,0.1119105383174504,1
0.9034432851527135,1.2235898576178292,-6.0948879190091265,1.7705174035218667,-0.9828402386704724,1
2.3236520872918707,1.506543573708672,-2.4556145897362356,-2.3167446852726887,2.500855560204286,1
1.3528552504347529,-0.0316029174526426,-2.4179538483558436,-1.8546203241461796,3.821934587635033,0
1.1928453526459353,1.1045589923008643,-0.06457892696988835,1.8991254681768568,0.0522963870863756,1
0.7397184126772857,0.3890276002403974,-6.4786790195394595,-2.3436822391421317,1.2297633200915985,0
-0.8289532111422048,-1.3521772572407076,-6.448601386344032,-0.5275539697143411,1.3435133688913854,0
0.9388641509698631,0.5916266190733401,-7.404351155996594,-1.082533935202035,1.0723651970736725,1
-1.2875265204177455,-1.6569160280230006,-1.760224883726933,0.3510487885682478,0.8151824551923185,1
-0.88153497244971,-1.086736544039738,-1.4646865325053575,-0.9606947405718872,0.5900231713868714,0
0.6748500012587945,1.2743705669100571,-1.2293217529284468,1.81067032498268,-1.708983395258206,1
0.2117029952151315,-0.2970056536555178,-5.0647150986541725,-1.4699283683805104,1.4878109483827362,0
1.0427312793836228,0.3846088500807985,-3.0627330896680567,-1.58346348621536,1.9295723118072716,1
0.44417523139299075,0.2190706608452231,-3.6997702423527166,-2.457487215803288,0.9087661938382962,0
2.5508601168909246,1.90890650740252,-0.23756580760153445,-1.9859704713407185,2.028536504449918,1
-1.2678615222446061,-2.588236607468902,-0.22249838965712954,-0.5732572418181131,3.3424946984868047,0
-0.8518423247834874,-1.046675222885011,-5.470047922448789,-0.7773752109347538,0.5421977193995342,0
0.7464021865925216,1.0095510084620518,-5.582310216070864,1.4984220136444324,-0.8131183542809928,1
0.8232975203705892,0.7320681051172024,0.13410894346963342,-0.4261774690862625,0.3336952895692668,1
0.7012624478813662,0.7247603765985882,-1.9581422180758008,1.034567694624401,-0.1498115202735759,1
0.22912747700766165,2.3149315712551326,-3.824624691258524,2.9110004405048877,-5.639528707981433,1
0.4998896707838193,1.246780838738643,-4.972310421690462,0.9778916103680612,-1.986635083881763,1
-1.6693424470732627,-1.922471573778856,-4.596788891955892,0.2548571109475754,0.5104898133639229,0
0.7225899143428371,1.2483527288091385,-2.0288978615574425,0.4950975853245926,-1.352074307309307,1
0.7549143459745454,-0.5649525969917737,-1.4760555880621995,-1.447839047786683,3.571433077734528,0
0.6400924787271028,1.7252881904361606,-4.692237971866728,2.2288284863878296,-2.9943010694852426,1
0.34350146183493285,-0.08263016740155,-3.446556628349758,-0.9101777554038026,1.2152391866505892,0
2.4980348044514002,1.729123122179854,-4.170352811724334,-2.5260700883703158,2.4156625396175926,1
0.851821852520313,0.4452772841227745,-3.3173626553486653,-1.9861981131490956,1.3323653018875412,0
0.6620683816293149,0.1113011085456565,-1.39437223491533,-1.203031867878999,1.5868944567206682,0
-0.6640550943388543,-1.3462749832381498,-1.2798681022011817,-0.6492390080230142,1.771387495971233,0
-2.1074980556592653,-2.148392840877542,-5.502327979377356,-0.044833845205454,-0.0147196389000441,0
-0.41633465059113495,-1.5917262033208437,-1.2635224764677515,-0.9030558043498806,3.0673242205259044,0
0.6921266584312585,-0.3725736171041583,-0.7639756955043427,-1.3870241937495145,2.913729307656882,0
-0.10472856349920301,-0.7986336919896266,-1.0054559828584992,-1.0220270171360228,1.8812962215310405,0
1.803848869484076,0.9276619911833848,1.58345790463053,-2.520313253409072,2.64578961113349,1
0.8673616110467555,0.5252856112634569,-0.24800701512065948,0.1677720738171402,0.896095240519796,1
0.9024190428302046,0.4561156964912423,-3.5377658265645513,0.0273554356402284,1.1799964077544882,1
0.0503193108883791,0.1267344460735399,-3.185823349752724,0.2223489255430513,-0.2188548008784115,1
0.5459035561387053,-0.1865663130049011,0.27767257875723583,-1.6700559397117338,2.0996562898666515,1
1.5178994654160407,1.1240102274802193,-2.6425970718868594,-1.7159615362568297,1.305138407398885,1
0.8159233182922931,0.57907254450561,-2.3397376612824146,-0.5855235119132689,0.722348172955605,1
-0.8163051254158367,-1.3112016644191704,-6.550365685550829,-0.0408305720804289,1.210618516762299,0
0.6908075268832621,1.6491357898279646,-2.2630879602110694,1.5195948234657883,-2.579805383615371,1
-1.9983204401163448,-1.875127525037414,-8.970958219736373,-1.181019966386438,-0.2794125410139054,0
0.6002985162015427,-0.4854900686992475,1.8934607646963393,-1.3526240865404469,2.9573637824221684,0
1.3414617484871374,1.2062926664437643,-1.8799205749463046,-1.0040646184570563,0.5489555433898645,1
0.8322179836186774,0.0797915005330567,-5.3284379353735964,-0.7195469581223308,2.0461797184768837,1
0.1117735321215621,-0.9309566224701852,-1.037179846546496,-1.119326642055821,2.789897703644946,0
-1.9658101802140664,-1.927104922884313,-6.740234993729187,-0.5349777825674633,-0.1456640005065855,0
0.5003241353825771,-0.4633863210747272,-4.147162457493885,-1.2734235802083442,2.632215667262616,0
-0.06243908923252846,-0.4344534630548832,-5.379458484609961,-1.307852897918825,1.1048577712733405,0
2.1916259751271,2.685670831514657,-2.009336583896164,0.4272459530048869,-1.1766794928223088,1
-0.3345355354425108,-0.7004606988406192,-6.965433457914974,-1.2910057148455276,1.071283789276768,0
1.4422267039085894,0.698516604736784,-3.1429776332518067,-2.0287626793646827,2.2264749750562167,1
0.7891410715389942,-0.284233834991259,1.721672414749108,-1.4251742486180896,2.9462592489182238,0
-0.9979447664350113,-1.5330960523190846,-0.24347003123705324,-0.1506201720751006,1.3158481227312342,0
0.810771261809891,0.8173275735383461,-0.6216477111690062,0.7450660873122368,-0.0636460527461525,1
0.951085665437589,0.6573637174915901,-1.5920765680563982,-1.1101075672739436,0.9410483471871188,1
0.89662154596718,1.4293596127454358,-3.233950649165937,1.4642882506472603,-1.48274476122106,1
0.49701377864769514,-0.1475786996885617,-2.04548857930123,-1.7580937572427566,1.885402297291512,1
-1.54587064504797,-1.4478203821327589,-3.42980010562029,-1.4526933015164207,-0.154565472743924,0
0.38880515282703043,-0.2626797055858666,-3.748384261739461,-0.8879024849137823,1.7858381174011435,0
1.6130420157782448,1.5429863464255558,-6.167778347778707,-0.7960297397884463,0.3735636836250143,1
0.1909731636519639,-0.5819821581326547,-1.2768841359590435,-0.9249364078004138,2.0865633807272053,0
0.6940104791174815,0.0304440259130627,-3.961014699903309,-1.54491483364391,1.9179413848594185,0
2.146769455836175,1.252535357409749,-3.1494829630368404,-2.589163106004915,2.720430120804979,1
0.8143715689890464,2.1522471598320125,-2.7615350095708844,2.91766508856303,-3.711618086188469,1
-0.5348421157323474,-0.8325414289938458,-5.108394466892511,-1.9134916133635145,0.9658545663456892,0
-1.2642843429653876,-1.5656163378340429,-0.15935532475143743,0.0817733209133009,0.6784178151765438,0
1.7103734779326571,1.1932941434278872,-0.13026332358160575,-1.6419925142466003,1.6190680328925495,0
-0.5126234509765889,-0.8666557262304035,-2.2093937129524432,-0.8955569250427464,0.9803982610988232,0
0.8202713962572494,0.1402076515726626,0.8296181227552677,-1.910798993785676,2.013679991120912,1
0.5181167011605516,0.3012444155304599,-7.567777914191488,-0.5565164625314425,0.6505370112704948,1
0.04054656841635075,-0.2473358260308085,-4.483117119040674,-1.824791538659091,0.9635652371299958,0
0.8935704785901892,1.1984937479061994,0.2548498431455837,0.9962583337218146,-0.8464086174639893,1
0.9425582905060131,1.011859730313062,-0.36240509760219264,1.307679213899073,-0.2863530369564565,1
-0.467342520229713,-1.2132540752917662,-1.2283019856188642,-0.7718740087153553,1.9598715231196129,0
0.6206303260274795,1.5274468777511387,-2.4834312935087213,2.117463439886833,-2.529493008558185,1
1.2416709138240911,0.5982835157460225,-3.7314077370095617,-1.3651373064012886,1.876194313500381,0
-0.16366967337123361,-0.6011592913187642,-1.7614719720286613,-0.9586056446824868,1.2203243010303997,0
-2.1182539727650354,-2.1316061685294603,-8.58323417440545,0.1750261918219955,-0.1130688939963755,0
-0.7460207499546999,-1.6612831325773914,-0.7404957738697351,-0.6494712091585226,2.356835507126348,0
0.4449554635757268,1.3169394919876454,0.8757501759744137,0.1734947422195927,-2.204409730171482,1
1.2305895288479065,2.1083545396278547,-1.6330277236088118,1.3326000907131157,-2.320220658208441,1
-0.08073754425728745,-0.2432167420946676,-6.527737457631018,-2.112254223954658,0.6753669642811752,0
0.7229073619444748,0.1175261584236436,-2.5982829522128563,-1.6555234639377812,1.7863373112430745,1
0.573846141601462,1.2026556756805251,-2.2666431711155095,0.9908480338309482,-1.6848586960681726,1
-0.5505300771339987,-1.8785530724601407,-3.277996527538729,-0.954455363900217,3.452543701414199,0
1.0823796603605809,0.6835814291892484,3.388062465915133,-1.1539954839369004,1.220487194067204,1
0.7238587052983174,0.4164302437873481,-2.639652872212029,-1.056076132224918,0.9555237842599024,1
0.5324074913687533,0.3856281259528438,-4.966125210861486,-0.187656120397593,0.4269445577418947,1
-0.6562914938008171,-1.0525032160807275,1.5021090242498687,-0.5736018048909401,1.0378357220860532,0
0.9977317521056691,2.404336628767472,-2.8177851051372436,2.621153395532631,-3.837200024716125,1
0.5019081521325973,0.1100660216273454,-2.6848990095214016,-0.8631912037269872,1.131737283488359,1
-0.9103473607265299,-1.1353802385774594,-3.817563301825711,-0.6027581259405232,0.5930403697831588,0
0.9129930117652136,1.0457085563666475,-4.394177073898888,-0.3927041454389403,-0.2324830153747659,1
0.5881979546122303,-0.5312909607112446,-9.215801039947024,-2.626875863216913,3.204041772155641,1
0.5347427211093927,1.0425434964087748,-1.2851401055611849,0.8329561829560332,-1.3605954042187298,1
0.7068916683189705,1.606386817106289,-1.5147363572047807,1.664664215750582,-2.448295967310204,1
-0.6418528486715332,-0.9153108505757186,-4.208451465326261,-1.007523201025104,0.7829571981681639,0
0.5488273144291368,1.4468315230802735,-8.15546767908425,1.3650045716736188,-2.415714700922118,1
1.0592876956199462,0.2513494615721252,-1.15641985123355,0.9468134268109498,1.988241752391928,1
0.3475375500938853,0.5753410114383846,-3.132784441237143,0.0926891621370571,-0.5683104250770526,1
0.7368146199569118,1.320788172691275,-5.2775579937324935,1.0829140790730485,-1.573418585191222,1
-0.41460156322646413,-1.4987001070032333,1.976944989297361,-0.8882126395758374,2.8343153047517258,0
-0.9136368937921953,-1.378786214460921,1.789298818601134,-0.9214019894638176,1.2415235462671663,0
0.39788138639603354,-0.66412016399496,-7.655100658530059,-1.234894115766931,2.8702367609135044,0
0.3527010793393213,1.063074839968508,-8.027855676144558,-0.3457139272748193,-1.734494326342678,1
0.3105664022409057,-0.7571198877705918,1.4462287600999164,-1.180905129735172,2.8726322656829595,0
1.4684601534011976,1.7800347425610443,0.9304601379311555,0.2019804853478235,-0.7284293029632446,1
1.116006781042037,0.2820564630372524,3.0421217555249047,-1.4073688305369585,2.3568213120940995,0
-0.9394172614657692,-1.5054854527195611,0.5094027635642395,-0.4782017489145473,1.4392523923522589,0
0.986623488555443,0.7280097044082031,-4.950865330999174,1.9079585185500816,0.4704385595847588,1
0.4681923988639097,0.0291682848993635,-4.796053147964436,-1.9960371460381552,1.3933080275327048,0
0.1720701690823482,0.7775382892977305,-0.7181619617277537,-0.8153060213349974,-1.419707258706054,1
1.5406559390478813,1.2053653982501442,-5.206096311651254,-1.6578420679289685,1.1506702683056609,1
0.5565122864132117,-1.1839381360430783,1.3943972079012548,-1.5387859341791863,4.636562339007906,0
1.2479625869061728,1.092110026451731,-2.758012729516817,-0.7727056724957748,0.5664208915358132,1
-0.5448727684139895,-1.4061667944082563,-2.9634707537180085,-0.7294985062457252,2.2421576923094637,0
1.0688088939998244,0.455996728190433,-0.32149170348345746,0.6571936643762386,1.531422480858331,1
-0.2983124626766022,-0.6479663936270399,-5.077637341862935,-1.4942919596529118,1.058053940872751,0
-1.6612730558695037,-1.382467379239255,-12.35841231655443,-1.4402507163743676,-0.6207478833472773,0
0.7501327407827523,0.4388076471122851,-3.7417484823094154,-0.4492284353902545,0.8897715729019063,1
-0.6785983444586914,-0.7961282516256577,-4.9615063580917615,-1.3012123779068618,0.4232123500327763,0
-3.1187146936618637,-2.9328152700970564,-5.879091188429094,0.8946107822234108,-0.7680922166068314,0
0.5104988634041452,-0.0739675985395393,-1.7014147702153322,-1.4375769166355008,1.693153633521818,0
1.243469634612039,1.037647629539205,-0.4183529845373446,-1.0153568912747213,0.7235729809691693,1
-0.9418298176724563,-1.739825606804763,-6.248215768928196,-0.4734512291070031,2.025923644648853,0
0.6074577479220521,0.5202652269602357,-1.7048172645213115,0.9363162665630116,0.1375156007687023,1
-0.09616712558189941,-0.9017246864180154,-0.4768758482549045,-0.8927597372356199,2.148151173653069,0
0.9579057410109413,-0.2323636937763097,-1.422222083253645,-1.4756809087254916,3.258677174427861,0
1.5814441961391381,0.078211336775064,-0.008343633977425075,-1.9510792511840007,4.148477693109004,0
-1.8535754481508286,-1.9480418122789216,-4.014779712667699,-0.1719801280666192,0.1520723096505798,0
1.036843925190836,0.7998538387581018,-3.2064605448635843,1.439694028120728,0.4781706282147945,1
0.6593567888567075,-0.0335236228665921,-4.055637485279664,-0.8470918640458409,1.901411932422616,0
0.3313568447861802,0.5250418809847943,-0.6273213550702676,0.0233918073224974,-0.4740366904767655,1
1.3464805228570307,0.3516873858440534,1.048259886499957,-1.6387283479773609,2.8071779286683545,0
1.1430435796393432,0.0016271292979035,2.3172694594745056,-2.9197383382114053,3.3294647430947686,1
0.6812422583067118,0.2635932688101994,-2.4059145127862607,-1.081044115398407,1.235353644362538,0
0.5020841093092335,0.6056939109608075,-8.135506640112506,0.2351882315853734,-0.2627848711882947,1
1.0758512866944692,0.6529525458954286,-3.1592285875292623,-1.4398958387824432,1.3174992859712764,1
0.5210787852605963,1.804632677682839,-8.986406696242156,1.5399326631533092,-3.416096718015961,1
0.8489972167870838,1.6679254813278082,-3.6504966167079953,1.5129877586305125,-2.2165909775982824,1
0.00691978473378735,-1.218709006512707,-0.8835636513890964,-1.1234304267806297,3.2474889491822965,0
2.270643029273883,1.7004776614471435,-3.6211844625378196,-1.9156504734400372,1.8212851070042675,1
0.23326994916894794,-0.336044608474902,-4.455461438297194,-1.4747620599843558,1.6431948352256385,0
0.35286052052134276,-0.9796337105738848,-2.5710490456900765,-1.2782191298956973,3.5581905807002827,0
-1.6064733278215133,-2.1877175635965798,-2.265722661491759,1.058302118267505,1.2430592849444118,0
-2.1477728015579087,-2.3952894570372063,-7.196227974207527,0.5926631115585765,0.4251699417905346,0
0.6067816445765837,0.6978633408854682,-4.470733902928065,1.0101330482083153,-0.3234368543330818,1
-0.4490371414509019,-0.69524067423368,-3.0100989013714994,-1.2491703750823735,0.7560007815459832,0
0.27419035116276375,1.1434247155938615,-3.202619366571354,-0.3662489325321842,-2.1388583734439504,1
1.5077996521416324,1.404055016134865,1.3595598137583214,-0.1462360158733266,0.3700693471104766,1
0.9579505739341558,-0.2883917312260711,-5.752286595334931,-3.4306552434530757,3.6492953771469856,1
0.8521552147739657,0.8557127806635668,-6.408830246789455,-0.2541377851980012,0.0734436324902429,1
0.7879178649728211,0.885064726375732,-3.5793509818749567,0.1136053363809779,-0.2141377767084181,1
-1.139276023265408,-2.1349289697303178,-3.396024194876361,-0.5875237304805121,2.5294306249705185,0
0.1431522725511138,-0.9977128334976534,4.016808458076518,-1.1343352862977811,3.042204849158304,0
-1.6638304415196568,-1.519868821594338,-2.0210483318857513,-1.5311694047585327,-0.2678092169065407,0
0.9892980310728874,0.5305725137024632,0.22499433999569263,0.3416095693345419,1.1766095971378892,1
1.2033017172538294,0.0532235582220912,-3.435510029056439,-1.6496189390707818,3.193438585780619,0
-0.0953707437282561,-1.04570085697867,-6.00756682577035,-0.9893311115580636,2.527152475519693,0
0.9674714247163028,0.6063978999248643,-2.9245166922148105,-1.271568994516763,1.133129488506179,0
-1.2157109123602716,-2.054526810075473,-1.3697545254679637,-0.5448714296285859,2.122278938082291,0
-0.0452970981456048,-0.3127935006753519,-5.06621019480793,-0.8435525407039626,0.782106388376688,0
0.7339458613118013,0.458708773565881,-1.100356850703665,-0.38688032672921,0.789488642194423,1
0.7234293513611937,1.5284551809758549,1.0061425577341492,2.18734532725714,-2.274519318578596,1
-0.10739898413511959,-0.5129853402012301,1.7465387336581322,-1.084443358380211,1.1588333521590295,0
0.8671175867114216,1.404583935395682,-3.672056058967779,1.8716896425317724,-1.5482618176721596,1
0.02184910627836675,-0.5828209732140459,-5.063509725504531,-0.8658228402233719,1.642869428426023,0
0.7169211501650798,0.5061137530243649,-3.918033233019343,-3.2186536933846592,0.9853928773623216,0
0.8314766687324228,-0.981344360533132,1.950419467202686,-1.679294663113348,4.85390494298272,0
1.12890926615708,1.935845658018876,-3.9112034082164784,0.95261166564446,-2.0984914753257207,1
0.8061377441296272,0.9587543760783112,1.0536480704033235,-0.2348122564909988,-0.3092523757765777,1
0.5840901787664502,0.96623753369603,-6.083532416125324,0.4401191150907446,-0.9894883129380008,1
0.9527279969355393,1.201837665455492,-2.783592996749641,1.3125087861362548,-0.7417801713509001,1
0.8014369934585983,1.1309703751430027,-7.5637462948324465,0.938866707485442,-0.9068629863268558,1
0.34280706429510316,0.3765869188424875,-6.396142323263023,-3.52705449965986,0.3831167433377608,0
2.1613345470592598,1.8635767775614716,4.3492571073767525,-1.5248664362088782,1.0752178689499676,1
0.6990574120908021,-0.7237020542798579,2.3649812084456903,-1.5347469522730472,3.839800166637052,0
0.6177611390484407,-0.3443979014794951,-5.781841140354748,-2.387715362695014,2.77689024792202,1
-0.12304583509036846,-0.4112868687107194,0.1177942758639392,-1.7077458538316366,0.9399647666085768,0
1.5896985611203847,1.5663976587841484,-0.37219042413817505,-0.5437382227714519,0.2216899438608788,1
-1.1995560330800406,-1.6881461663048405,-5.940391743803568,0.4185098465736478,1.1136866555174658,0
-1.9159961106084342,-1.9114723395147115,-3.8382041671511686,-0.6266948659315522,-0.0444967420973489,0
1.5130872767488073,2.027398999754971,-1.0978668014184203,0.5007946245528767,-1.2772858876278954,1
0.9609231205608284,-0.2908221203963149,1.146723667378473,-1.536993519255057,3.422354826684725,0
0.6839623542009983,0.1062921126755822,-2.0283785799477347,-1.4159039462231109,1.6833904315311796,0
-2.9803069525060044,-2.885272605038266,-9.595783249610703,-0.1351961858590202,-0.3988580339387714,0
-0.19550751108894387,-1.0351812542294565,3.144684165318167,-0.9001198889824306,2.2296504232960297,0
-1.1568480408499056,-1.5170901433058943,-2.1083219142070115,-0.0294720928735706,0.8480902948397279,0
0.5540727094953766,0.6825815600223815,-1.013701495933736,-0.6695068191424249,-0.2077475361622747,1
0.2683198304277564,-0.9317973074287432,-3.5738161331261997,-1.19519106225982,3.2073789902685506,0
0.8259908878535476,1.5150073538376103,-1.196611168302819,2.5395538446226515,-2.019448092171896,1
1.855631385075387,1.517288383609146,-1.191618090142521,-1.3541956212985915,1.1383214623323932,1
0.9177251288848391,0.9136823087831036,-1.3162360195950995,-0.3645158074796009,0.1105872636794857,0
0.7158883975508209,0.7507714347522623,-2.3638905083726396,1.406922368791622,-0.2251357144714392,1
0.6888588503346473,1.051730779219121,-1.3708396637147726,1.6236138279751595,-1.0849983429341836,1
-2.93066996557788,-2.723861061924952,-7.581836214425925,0.0157000243164351,-0.6982239646724587,0
-0.1690487937258942,-1.0009650722096746,-1.4505649154885532,-0.9870685725686438,2.222615825894941,0
1.8849665393460293,0.498296012274412,-0.8301769136679621,-3.782395030445808,4.103983080766882,1
0.20758410112375125,-0.7273928930237705,0.20329683005009436,-1.126170911783818,2.523492120539947,0
-0.13152154465591787,-1.0551862816147417,-3.1169303702205746,-1.0392961846155329,2.4638420626548934,0
0.18735354685397235,-1.058548273598618,-2.4524198810192046,-1.1837984976170477,3.317128219748588,0
0.49489690252388496,0.9303642847353492,-3.954587094725791,0.2566473346225181,-1.1064525862884074,1
0.17309546848885904,1.6010872009180883,-2.8258334224743376,-0.3165494081297586,-3.566325385893915,1
0.24327844610512667,-0.276278327080204,-2.561194003890342,-1.2638455402406596,1.490938758926281,0
-1.0317447179363166,-1.3815330797708676,-2.54390367343661,-0.2707759639154479,0.8596585115697412,0
-0.7205284519381357,-1.7731158157037434,-1.5830203197046742,-0.73352854535618,2.7168356083303,0
0.7039833868639048,0.9459778480779648,-3.7830159980575386,1.93056860300493,-0.8169873359005642,1
1.1084419421237517,0.8643101337144412,-3.7826500227213464,-0.9573003459444382,0.8052755132605218,1
-1.1823629487839993,-1.512316281914846,-3.968105695094515,-0.0603005652686221,0.7737950408859351,0
1.1218834248950964,0.8596120782545207,0.2774774584509663,-1.0271022338588975,0.8608855573395894,1
1.2645510206446682,1.3580024518478315,-1.6738038410458538,-0.2321714187270167,-0.1327654847777235,1
-1.78498919064885,-1.7505699984973364,-7.2587823388277695,-0.7689024295053616,-0.0944234969097094,0
-0.8844330638987151,-1.6057889063402395,-0.8567077386126067,-0.5597255829417515,1.8461606849138557,0
0.30778286746503225,2.056699253481119,-8.981206355195596,0.91180443682547,-4.527425082913927,1
0.7806434462701225,0.4097415955153126,-7.513293853377524,-0.0734821890132992,0.994680181678597,1
-0.067395503810568,0.2502071915089738,-5.10014552193673,0.3311525498898677,-0.8504868352556751,1
-1.1337728744613336,-1.4941782458405808,-3.768641520680744,-0.1408398991939576,0.8640231087468173,0
0.8748389397703721,1.335713686728592,-3.0425892270794312,-0.0053174415269076,-1.1151372931401602,1
0.6618915556310008,0.4221400738738524,-3.280890546854142,-1.086394629081472,0.7843235465652447,1
0.5396027282072318,-0.361007445839303,1.510989789597668,-1.2087117788831845,2.46647990046339,0
0.6229562860913577,-0.3711491988119768,3.4468815135663817,-1.4129724842529336,2.734159420225061,0
-0.768727154705968,-1.837463763402638,-0.8721143036384207,-0.676607438792899,2.7476638166730463,0
0.5409451409672572,1.009593228736006,0.9051454649168202,0.4752624539917178,-1.215581390569419,1
1.3271435522345376,0.358605624009883,-2.4512713684056546,-2.4730073181296053,2.8456297235709296,1
-0.9852256450392587,-1.95715599319408,-7.481972678967036,-0.6683464963487606,2.4886882024101444,0
0.9533659915956891,0.6139696246190856,-1.8859505525010438,1.237816322921816,0.7583007283404888,1
2.1334196925656648,1.9912751993770617,-0.8628753883873236,-1.1254940607377413,0.6286595898083572,1
-0.9142654434932908,-1.041566644592806,-4.451019798839059,-1.107180488201842,0.4094216391403779,0
0.4889397628219627,0.995749661545876,-1.8778487026654116,0.2922043500616404,-1.292018121374221,1
1.2619348028751638,-0.0995342103022944,-1.999047098990776,-3.503220698239111,3.967996677607396,1
1.022875666844441,1.108726756218536,-0.8568430165156955,-0.1035102915122162,-0.1440955960772963,1
-0.44846042263722696,-0.9984073360660616,-1.639284758729418,-0.6676354020678977,1.4513957086334075,0
0.10433533345090891,-1.1216712584090311,-5.6159022089270225,-1.163994885979744,3.2593356175678445,0
-1.0212116382531709,-2.0710391924459746,-0.24762502864104308,-0.5613913976302897,2.670265448283569,0
0.9164374457738389,1.1871893121147394,-1.4775103215057181,-0.0833621716709961,-0.6212296457149283,1
-0.5298405986724234,-0.956684954876547,-0.45779988621936374,-0.9518885927732684,1.1709640860824513,0
0.7575935367860035,0.6277674625772487,-5.298375549999043,-0.3667241373867098,0.420025495882212,1
1.117682379124025,0.4964704923327832,-4.813666450869775,-2.755307986532721,1.9895094016878352,0
-3.263194708444777,-3.02300468149288,-7.007329367595778,0.1491316296710427,-0.8193022156405224,0
0.8821301425235797,0.5021066687548614,-1.7631732456576683,-1.936974809721829,1.260717643721863,0
-0.5077961820545193,-1.1446519981771692,-3.883047376125396,-0.7174522215208436,1.6743588808188663,0
0.5387738027326454,1.15222334798944,-5.080367738191672,2.5091129739259914,-1.841083023253883,1
1.9378307857495953,2.1653321104915806,-1.0020041258563854,0.0398348852823478,-0.4672571405452884,1
0.6506232393241721,0.8736085762125372,-2.5841502327082577,-0.2617243140001044,-0.4932072619527439,1
0.7336976605050752,0.8225139716127355,-6.197471545563156,-0.3811356855893664,-0.1333168688886339,1
0.8509350205616633,1.3281304687225066,-1.7797612998019994,0.4776418050763575,-1.2192937036879552,1
-2.793814163752446,-2.8255637264107167,-6.612996686389019,0.7263014189508727,-0.1763209187720304,0
1.882879222086094,1.6417119178568684,-2.7279462930255214,-0.991427302776452,0.8476718079483408,1
2.4437325296616623,1.7294320504922411,0.3616253276803918,-2.508053457510137,2.271859430627049,1
0.34883623677541004,-0.7000518919117881,-0.7752239027027537,-1.1578919577038187,2.824346288227262,0
0.6173891598099784,-0.0080987430809531,-1.3833098051712045,-1.0816121097360651,1.7580753753698664,0
1.0364107126034638,0.5081823909225549,-1.862786367979083,-2.7600723085785703,1.7498283202267817,0
-0.49953821665621234,-1.035240310926809,0.25392728425222266,0.0599545443719546,1.319790732512931,0
0.13049958491601946,-0.5447055450985339,-2.783361965584691,-1.031774190186735,1.849013010998968,0
0.8880086322300351,1.4108068973869916,4.044752495498571,1.6491654916465617,-1.4815855297180125,1
0.7812313101322151,1.3606011152998068,1.7751583733270841,1.384636352877561,-1.597512360877687,1
0.6231544337854396,-0.3909235525952574,-1.96854960956375,-1.26107621725418,2.7654413892503262,0
-0.9199550596859087,-1.5181584729360988,-1.3259708457502402,-0.5320568216136912,1.528636589935142,0
0.24627339057754097,-0.5320282981422428,-7.077581902874838,-1.0839373938042725,2.123576829897155,0
2.040894029895405,1.0361559791656452,1.9245926063024577,-2.7194428574160225,3.010647442536844,1
-1.0274695961113007,-1.4451183267840726,3.5394310049992015,-0.0796812048640507,1.0074843823554045,0
0.9852876622698554,0.3653796140135825,-0.5030649583684845,0.7243946066711349,1.5359352396272612,1
-0.2743051320058716,-0.6758940542799273,-2.244035579102979,-1.1047075749800417,1.1414654745317014,0
-0.9214178238911759,-1.2198902010609065,-1.7266124239223517,-0.150506519046058,0.7208850205507548,0
-0.3222075762353611,-0.9820865310827188,-2.858636196384127,-0.7672104130886643,1.7499176527816442,0
0.8182598660362751,0.4702279320911764,1.8232064777961994,-2.737564768232902,1.2777365773075424,0
0.6412056803232926,0.0837123264555111,-2.192905451490555,-0.2294736242562514,1.4789039550431424,1
-0.3981807992077331,-0.97184700660087,-3.8408289964387037,-0.7170315550561763,1.5207105522787974,0
1.09638313721398,0.5622960396861405,-1.2611951416056517,-1.6318206773399226,1.624726230091027,1
-1.051891296420398,-1.7974272681671015,-0.8949234683799963,0.6787974996368893,1.7400588026912165,0
1.2574908297670815,0.834289589847798,-0.6336195447456091,1.6279032675903229,0.938848254555249,1
-1.3310157718898,-1.303695735528188,-2.7559073363011604,-1.1416455889318562,-0.0023345230427044,0
0.4758823353693128,0.140264671411789,-1.2130926620193914,-2.392249954939925,1.1822393956419743,0
-0.9001528237131641,-1.117464723156721,-8.37880527474504,-0.8268671791675786,0.6025826989632083,0
-1.9512353121026775,-2.004528355384834,-2.977059875872568,-0.2758052118566246,0.05524665473007,0
0.6233958297287993,0.0186342044845075,-3.5141409117908866,-1.7591051253212444,1.7920847128897763,1
-1.3016894854377192,-1.378048510996809,-5.713385060382798,-1.336769406159918,0.2867973862804374,0
1.3029303353914758,1.6322848034172508,-2.7464401353662797,-0.0989372110042889,-0.7449356895708328,1
1.4409553481210202,1.258094676978979,0.7019968483418992,-0.8534994283546864,0.6564547916338209,1
-0.1947491997692199,-0.9235961215966592,-4.7748058901646235,-0.8160358288407166,1.9383049315048635,0
1.7928134481610316,1.0526397012746798,-2.102870972695407,-2.213084963037271,2.2615840754053016,1
0.3832535746712904,1.4714657381243157,-4.692687328792763,1.4353556997710886,-2.9161537452814126,1
0.7325550645306159,1.1614276704065738,-2.3856968076057274,0.7881732912753121,-1.1433559894100245,1
0.6460174173707317,0.0579746614433613,-1.987247644427135,-1.232414500344743,1.6840963055025195,0
-0.7131706812503509,-1.0197103882173082,-1.0227319006591227,-0.7498603949848086,0.8297845418016178,0
0.6706515900364749,0.4526501967182091,3.2343969856661854,-0.4937216645486353,0.6543863223189627,1
-0.02090033060265075,-1.1026960114378188,-2.6426001779911505,-1.0275172634720102,2.8693607507570635,0
0.3947723822710254,0.6317888842461366,-2.128231971970991,0.6522835382610961,-0.6600242772147927,1
0.716057323889699,1.463970545937667,-4.414109559460236,1.1221585100684963,-1.994850301507512,1
-0.8355536058430694,-1.124638443132016,-4.21474269387161,-1.3035727687056236,0.8487855385964213,0
0.29588794585433986,0.0093689342143508,-3.400975786223519,-2.3352845786088654,1.0400502390084296,0
1.039118350987977,0.086730298913639,-5.165923441277183,-2.2355354136569483,2.75758244007863,1
1.7748500925419752,2.302850554285671,-4.521687674888005,0.2142879231785222,-1.2601225699198455,1
0.9967603645005179,0.9067585592999198,0.2110137095415745,1.5945487524566315,0.0838345345417329,1
-0.2568729597313662,-0.8422225898860857,-5.741241015321485,-0.683296648214245,1.554326149956076,0
-0.1712525123044674,-0.6456268105677958,-0.8737938434498458,-0.6314481137971907,1.2716965939553233,0
1.326132604564846,-0.3173554082596618,-0.9674552648848345,-1.993322388622044,4.49406061404194,0
0.3961870808630473,-0.1223205322912572,-2.761748758571414,-1.2219155494697245,1.491946215666085,1
-0.0231926991259146,-0.4471278277030183,-3.867163666274652,-1.2800234052081467,1.2351309472961958,0
1.063504705944725,1.6898298958386144,-2.922971499478573,0.7919264652203897,-1.6244616711749695,1
-0.9683630061196769,-1.2449824386662525,-7.153901395914507,-0.740773322984859,0.7378335193533853,0
0.0624702858336552,-0.160908465622964,-1.031310579435567,-1.95357279194502,0.8178587526399472,0
0.4886964951555064,1.0859943935377134,-4.507716553679426,0.9594477018076376,-1.6060642386549835,1
-1.400495211706224,-2.111200569331279,-1.4523009526682755,-0.3148958154306066,1.757689554025073,0
-0.0256004413859292,-1.3370588866572346,-4.3727174340674395,-1.1774818407077563,3.469834844965029,0
-0.1600200285101496,-0.5050802733713968,1.6984308648957658,-1.1884376037521998,1.0156631262743965,0
0.5231576908190241,0.2770568400699869,-1.0480511089674527,-1.2701228049558777,0.8156054359660799,1
0.8092817636286727,0.7030344071828767,0.7731207401898537,1.536668873510401,0.1213101437536862,1
0.0982557917028222,-0.0745172293409502,-3.856900790985168,-0.816566118149663,0.5472091684866398,0
0.2673554998104951,-0.017423636175516,1.342112428921756,-0.8745269839020935,0.8482135054014021,1
0.1176401459853948,-0.0627708559515798,-4.420950831980927,-2.079825220538797,0.7283320627981781,0
-1.7722486371247697,-2.6613479854445288,-0.3632273900340559,-0.1924620688359388,2.172077573181941,0
0.5898816014748991,-0.0053326757017511,0.21475961550590839,-1.2003763926806588,1.6948832360171269,0
0.6781850092401219,0.7091889303112835,1.1111672028900443,0.3811731884329403,-0.0870939454795988,1
-0.7771336930423648,-0.8155853562265275,-5.283589011277116,-1.8477025869052164,0.286620767106623,0
-1.0213324701957087,-1.8379962461644264,3.5734708035722114,-0.5374073913849456,2.076660281614576,0
1.2069250934915705,0.0690887726140976,-4.451628932897894,-2.8253713465713,3.3121558894473284,1
0.9033623275635537,0.9150076405899892,-1.0556751106548774,-0.4239093870436864,0.0775604531140544,1
-0.7074087166959382,-0.9176053469220988,-6.757397230680992,-0.4597556424085391,0.5492195330988185,0
0.7053971786765332,1.5982201095854172,-4.414518463489697,0.7494183575239781,-2.3151012440918994,1
-0.6013134980296542,-1.4893206281352036,-2.9981168677509555,-0.7874857507606685,2.313868558318182,0
-0.2539404269553431,-0.5033803371980301,-5.086439010204183,-1.3174527191673209,0.7843593782846485,0
0.6931951319269205,0.8470611159793889,-0.7290381683256775,0.3201988522704353,-0.3896375478472723,1
0.3588327689705508,0.1674086498071147,-2.6858325115712454,-1.7006687675198862,0.722202666178912,0
1.0917338155093732,0.8225590406603147,-0.8132393306420991,-1.1917134318297398,0.8975285148018313,1
-1.1505403501767706,-1.5415666646863744,-2.6827271966058586,-0.2937056170493443,0.9600306633210456,0
-0.952659196523298,-1.19821428268846,-1.2779447233833117,-0.7715891888539803,0.6639974694611944,0
0.3875471659056253,1.2876075086264458,-1.6142639004328694,1.8572253573984383,-2.493002787273302,1
0.980851514378273,0.5794538156389968,0.4025145232673548,-0.8410239593332297,1.1812997289440077,1
1.506302593190223,0.9728383478439174,-0.6051623113081175,-1.6999654586344106,1.655932211626474,1
0.20848653232068948,-0.3225254147766601,-6.327445247521548,-0.9893262822727026,1.4829968276850758,0
0.5549538384743038,0.1119300326135619,-3.0682828656787127,-2.458642772998796,1.467368382346829,0
-0.4237490169516476,-0.4932935580809774,-6.843900239387481,-2.3123325566455493,0.4452462537796195,0
1.9625272564326575,1.892596379551284,-0.9306103459468983,-0.6819122548384121,0.3792987632635278,0
-0.24170627290962088,-0.7867921499690402,-6.386271373089016,-0.1076275918526558,1.3800374064482472,0
0.6125242581948522,0.4629568214680403,-0.669982962127363,0.1888787293477568,0.3908393323853367,1
0.599400855292802,0.7046721090496297,-1.960667360848117,0.0514069947228086,-0.2378973775877709,1
0.4408934424418137,0.6118686263293693,-3.539567905898733,0.2338971905583671,-0.4368413796579714,1
1.3186455370815118,0.3827929552702932,-4.940058765054355,-2.4927849714672723,2.764860490913346,1
1.2236558121885408,1.2359235520118637,-0.33251833464980296,1.2224630063533486,-0.1145253564255202,1
0.7677681621290822,1.1668708936009071,-3.095909280674803,2.566295603241638,-1.2919918814175009,1
0.6031116876501743,1.679197235395146,-4.738243299399481,1.919487527417252,-2.9340669271032698,1
1.3281895092823637,0.4517877510701829,0.0030817106088827373,-1.438925687909454,2.4808375394571147,0
1.5903675103953687,2.2634364199245853,-0.3688989672758156,0.5045110631842205,-1.675305668498651,1
-0.2154623184577878,-0.682212493420253,-1.350794053357697,-1.0310670437004497,1.300601280854533,0
-1.4296510465321524,-1.2958900308955916,-8.042410244588478,-1.0963917366895144,-0.2834819932942117,0
0.47934481992136757,1.0015135203810237,-5.320267153068783,0.3179906136134296,-1.3347618390385343,1
0.46294856000399237,0.7151506415165294,-2.5311711840165803,0.6689205616005154,-0.696590069772296,1
-1.8921430707658895,-1.968286383174816,-8.368022841636938,0.1524920810876702,0.0621350237179121,0
-0.7068149192411971,-1.0270784140079985,-7.432399854182362,-1.153063575948322,0.916189264998261,0
0.9139023361361993,0.905439069727798,-1.5037907862239552,0.9581730689944722,-0.046636071168974,0
-0.5174176538943921,-1.09140124271207,-3.698839459332165,-0.0519997937810049,1.4299328834219047,0
0.6988800287411294,0.0048059935667563,0.7305038856820365,0.2103904198119656,1.7722900650521125,1
-1.101766960089323,-1.3923352732215797,-2.6190638833484687,-0.363453741350871,0.7173333949003313,0
-2.7220471545690907,-2.7564661109471933,-7.643896329840041,0.1592919491758628,-0.0932360193463969,0
-0.8523300707163953,-1.37559241815097,-5.999483312625811,-0.5737939745915117,1.3481148901703723,0
0.7370126429033752,1.1750419289696177,1.6138411414859783,0.963483421836392,-1.1885780081416677,1
1.4854761788324047,0.762108674674574,1.5173671696198126,-1.8150204347209564,2.1503170125087103,1
1.0039385090012676,0.5217063877967629,-5.4598040031847574,0.7268569713619627,1.188019190268311,1
0.8276787486198521,0.8706053201391685,-4.614970115944946,-0.3376720594210679,-0.0170864768624664,1
-0.051283464656304296,-0.3466847273446704,-2.749554310860505,-1.5902501752325289,0.9473812943996914,0
0.8900392169365523,0.0797248018058199,-1.1461454215837579,-2.424795509611788,2.4130390281918155,1
0.40143424036881814,1.2889233883895157,-2.646232980735335,1.3807395151702588,-2.3997555009457705,1
0.8475628349546016,-0.0775457195305538,-3.508954736749218,-1.3820674298709543,2.5686917681823744,0
0.7126770301998048,0.8548539400213367,-5.894783252125407,-0.1314004253879444,-0.3014598820107743,1
-0.5188764582846291,-0.7411693474680698,-4.933973413346672,-1.676783321571179,0.7457073961704079,0
0.7719497257152397,1.0965476944309196,1.2148735610114787,1.3369299874562572,-0.9467157838545532,1
1.6526616738122863,0.9690456036416192,-0.9792842399368376,-1.8489013644638248,2.0637810274885813,1
-0.5397693118989051,-1.296042614384402,0.9642662476398796,-0.739862700759863,1.9777834418654647,0
0.6453122136267264,1.4632428818412453,-3.6105232161658183,2.292631600804606,-2.3251886241310555,0
-0.3850132288992254,-1.221839840529362,-1.4321737402542976,-0.7426320516673055,2.191263193763212,0
0.9574428735376299,0.3633151717396587,-0.8363878063845447,0.2504058472545382,1.5292743392212458,1
0.36967667683297467,1.9817639492902612,-4.383920149385218,0.8252607537917159,-4.166222997855953,1
1.0421798508218008,-0.6008605070030135,2.1862659874207084,-0.6907880500759997,4.310588585995312,1
0.5158741856943084,0.3392513946781733,-0.7311068379210666,0.9032274611255764,0.3628403022006254,1
0.7923259130467657,1.059761711847412,-1.8817086642062937,0.958519165617669,-0.7526197099403704,1
1.2333445624300188,0.7574856724856702,-5.36021795625948,-1.7072313138904858,1.4948956676035847,1
0.42196047662176206,-1.0029808984142456,1.3120331953924564,-1.3826262438566146,3.809679237984789,0
0.16763276856962805,-1.2054052935611674,-3.939274958407541,-1.250566753022314,3.646464006510464,0
1.139116266295649,0.3734973832899265,-1.5815289093090867,-2.2867897324271595,2.2969417479261534,1
-0.606128032441573,-1.912194267631385,4.360725327298362,-0.9080062758420948,3.387754775804362,0
-0.059344625198045245,-0.6960839329474644,-4.13259481384804,-0.8907752573301244,1.722488963490446,0
1.7067093799533137,1.5731037764077729,-1.4584736939207905,-0.8171517729595326,0.5427174500570974,1
0.7283327502359785,0.5871860492884325,-3.282209543992209,0.2209668578207674,0.3722450097568141,1
1.2486103447852612,0.5088983265138554,-2.5001634195808307,-1.5164740587882206,2.1398140115088395,0
0.669999134698432,0.4362200028221651,-0.7114381584289711,-0.1615121268322463,0.6520651074123599,1
0.13557425423724465,-1.1116795282921106,-4.332787297186533,-1.2628368768546865,3.3275565067747017,0
1.1690118451091456,1.1684431756392022,-1.4211561320169759,-0.4871554837755008,0.1321678371162347,1
0.4179662339433997,-0.6396776480143089,-1.4119314330240391,-1.2102281758481856,2.8572450014338138,0
1.2321709380766066,0.464292136278866,-2.886467133437558,-2.113014923973168,2.286043213339953,1
0.6595656639731979,2.2283709914803778,-3.4941930820885254,2.8958908962963057,-4.302847408013317,1
-1.4270479027609237,-1.3954030028419726,-8.265874206763336,-1.469970980268612,0.0228116125543175,0
-1.1210130346651122,-2.1856490891967875,-1.3727442278294144,-0.5802163616902445,2.704293697411528,0
0.922947247179861,1.2220283709599624,0.38067349332873324,2.4077677051559494,-1.009372283399037,1
0.5827497736848405,0.9151219480068522,-4.32506010291265,0.6790819772408448,-0.8938852594437084,1
0.8879717745740826,-0.0195215447225396,3.4077988964671744,-1.3282837467906106,2.5196149106745858,0
1.3347895151130371,1.0154453270189174,-3.6974298074370795,-1.2159955030305245,1.0419839110115814,1
-0.04832213186828355,0.3419687294720054,-2.585771998763141,0.3950716547966604,-1.0415944254188385,1
1.1612099980062822,0.5469370969348255,-2.4534800557924448,-1.403825230749223,1.8026398040357263,0
0.9301728413558182,0.835016650408542,1.5048144552356542,1.6578931598849045,0.0849166634500944,1
-0.7359549234566599,-0.9956449263903044,-5.929844433066414,-0.8767625071428788,0.7259218669348165,0
1.870635837834227,1.7304404117924277,0.29600806244888345,-1.209877578141249,0.6189921122925282,1
-2.0709298757610424,-2.352305791978882,-0.9922289676246621,1.1760526507585305,0.4412641710182318,0
1.7595906258718785,0.6971329033531772,0.6012141497004149,-3.074702488992612,3.185461883480724,1
-0.6446405796828486,-0.7919084927388207,-2.7531137376700827,-1.2940411661722069,0.4996176777862702,0
-0.655060161190568,-1.05263080995408,-5.881586286646689,-1.0117904422603918,1.0970704817921788,0
-0.16306562865968446,-1.0787043881342622,-2.36244655270834,-0.9760011349754524,2.43360958003569,0
-1.242616442268315,-1.2245175315877137,-9.564595152400454,-1.4441083470147382,0.0646829288059006,0
0.6769770475108912,0.4109855018618027,-2.1802944260755552,0.5077520304696591,0.6489577673876502,1
-0.6347443213579158,-1.1611747760856257,-3.588712072612767,-0.3599889169478626,1.3417532503248089,0
-0.7021953080388035,-1.5699665069249171,-3.156871616249875,-0.6445336367475303,2.238502330414568,0
-1.413316772278221,-1.4524586144082297,-6.228274422718194,-1.563452684351582,0.2147926541828192,0
0.5970465650313868,1.1435599103787195,-4.057393492731608,0.9817218554063774,-1.4738965603253025,1
0.6339794993357915,0.1890250928821469,-0.12768491246083924,0.1056204265648512,1.1508336132820427,1
0.8356522854078294,0.5716440356130584,1.0601658618403544,0.775665131089125,0.6192023436887104,1
1.6377981446660863,1.153133086740899,0.7417818637083888,-2.0339295430142927,1.5825394135310151,1
-1.4745766659969612,-2.8167399234553248,-0.2901260872934861,-0.5214424103148299,3.378927754810953,0
-2.3935732161588437,-2.3879637520641896,-1.4840335275226284,0.052421895937456,-0.1617025571077297,0
1.1662634229440532,0.6184453071929544,-5.340673675256896,-1.3170673339265813,1.6235907956425466,1
0.926303255473993,0.9808316098140972,-0.895004879827535,0.4084103875246546,-0.1355408594635889,1
0.618480278282759,1.0327586713025516,-5.280355192339967,0.4809474196812301,-1.0740369449847074,1
0.1893092924036628,-0.9080067945981154,-2.4706563666100503,-1.139014449586767,2.935216289811472,0
-1.1178093501868724,-1.3612878526365289,-1.8524818999711137,-0.8453789154239574,0.6584043169322906,0
0.8869696626181884,0.589429873779355,0.3223105075199344,0.9591925330976252,0.6838115444559193,1
-0.297231546383386,-1.2762064076491964,-3.1593667422822675,-0.9095859274094646,2.5776855646503094,0
-2.5133432674615825,-2.4162103630226954,-6.651194068822953,-0.09396889529367,-0.3819412412284568,0
-1.8719084215345554,-2.4793426552083795,2.136271283971821,1.5185221714326418,1.2352530591834188,0
0.5370705085144992,0.8314667068876941,0.754958933024912,1.5989811960586409,-0.9173640156825262,1
0.37681186927489996,0.3310790304420841,-5.537135411184439,-2.847173064737399,0.5000497887113247,0
0.47856115845228464,-0.3221777537961156,-4.717244564933047,-1.1732178541427336,2.205424915138864,0
0.5096763805183228,1.5734925081493716,-4.468837299286897,1.5972176243146654,-2.867508663463034,1
-0.2898572778955054,-1.5585686786626298,-0.36201918157516166,-1.0492761058802778,3.32971611066921,0
0.39715208464927965,-1.0139963532106997,-2.907780568283857,-1.354977768451978,3.769769577338439,0
0.31570269291143627,-0.6386335207588683,-1.5875049778815291,-1.20121700344724,2.588428639501766,0
1.105435252461036,0.6133084774738653,7.037402561657565,-1.57094757730128,1.511242655979331,1
-2.8307597953539188,-2.888778209343389,-7.40971471458818,0.7688737338318861,-0.1173754661177259,0
0.8999811608082232,-0.8728491098757536,-3.715307102539144,-1.7301135901561566,4.7631106276189,0
-0.28966333882633366,-0.7887361697230627,-5.131200744662886,-0.6568745497339531,1.3305184740331917,0
0.8613918414107757,0.707560239233798,0.5468546395324627,-0.7782389869138916,0.5392614970320032,1
0.4143943290834584,0.8810394475353831,0.46209631227613723,0.6429071245439106,-1.239271987373982,1
1.4508570430842653,1.3419381756498816,-3.101079237372886,-0.6678304063307825,0.4461505752322645,1
-0.48275913018553473,-0.9643676111726208,-2.292348250402083,-0.715217178242739,1.2823432938514614,0
-1.2826815150694415,-1.706142756598949,-3.992541889956931,0.1251209780907276,0.981147511948669,0
1.876958039457516,1.0960393311796417,-3.551022003740304,-1.8047771882859267,2.317811305652318,0
1.402315720023669,0.6126464580155633,-1.8205679113768911,-2.351794028564634,2.381607322162409,1
-0.6927723194620317,-1.5265723617342744,-1.2973640787006357,-0.6196994641009175,2.149857972236145,0
-1.8955441866026708,-2.1157742509649147,0.4550603275063345,0.0223068639325523,0.4434267588009318,0
-1.8007217944343479,-1.7504171037397511,-7.545406052209879,-0.6997757852907718,-0.144373532735672,0
1.134370431982229,-0.108794388077802,1.1265985827472265,-1.6643866438450552,3.427027102296784,0
1.2184809750020633,0.7035943840064105,-1.230302186224524,-2.39829926810092,1.6807458509312416,0
0.8060451281115179,0.6048003252089948,-2.181164152821402,0.3879561077669015,0.5077969691708966,1
1.6413355488732515,0.9642917663400437,-2.908748949411052,-2.431836601421705,2.1205951915512093,0
-0.19769219507143065,0.8826369735499812,-7.866033828688712,1.974591682692972,-2.998938477781748,1
-1.0460500781831854,-1.1744287531520388,-2.2417180862470074,-1.46350165961027,0.4497070294822957,0
0.9241277272701297,1.3070289161719506,-2.119420789073216,0.1391376005530713,-0.933117936974811,1
0.6684244416613443,1.5891359412616604,-1.972046521726946,2.556893171998597,-2.6177518604266385,1
-0.507377419534816,-1.0494183403219377,-4.963741473630224,-0.8890458672169963,1.4560600156902204,0
-0.065208789438294,-1.2880384421849216,-3.760432587125374,-1.0258128956197483,3.2237424809004,0
-1.1240013020029798,-1.237058961517879,-7.436806840954769,-0.9556471635953978,0.3417369353205112,0
-0.1989062593725711,-0.7179817046371483,-1.0869863126569774,-1.0070868651110874,1.4310534644357489,0
0.3635924121644727,0.2698855822766201,0.494621507483584,-0.280239098359037,0.2943649609659698,1
1.1099586709612086,1.1516572454393084,-1.3781661233248639,1.1177366252034655,-0.1824390600132145,1
-0.2879512509017718,-1.37969768901477,-1.560304161278795,-0.9050897987477188,2.863283353785071,0
0.8514302035920369,-1.2438403399005866,1.7063154729384953,-1.7943452832634212,5.585086121171739,0
1.9743615299358515,0.9669327670952332,-0.08927595488436713,-2.863050069955425,3.0318090722941493,1
0.721814085936454,1.6501106892556012,-3.8251414194221316,1.426524442140016,-2.490083124659278,1
0.14258578595425786,1.0455856128712353,-7.5045292641063135,0.8443503831948157,-2.386062305607449,1
0.314779008920091,0.2399666372819799,-2.5301575251652197,-0.9194932414852924,0.3249259564602502,1
-0.2199195968325237,0.7685408587766638,-1.8617550407295922,2.0249406204915084,-2.7739671401549293,1
0.7635150718640473,0.6613649016444694,-0.965723732925685,1.3432768079897168,0.1328321189485899,1
-2.6625094601057,-2.79002676676435,-4.835014132913158,1.0510762271254357,0.0326627528024181,0
0.49361938059288596,0.4771293706866022,-3.3864534201483028,-0.2901062315726993,0.1076982018807099,1
0.5410147027086875,0.9545996974881976,-1.2192222713082543,0.2628739685635838,-1.0491081006570897,1
0.7448386578534597,0.3745732316115666,-1.5009392348358988,-0.9871776794190626,1.1071480183248936,1
0.5058323146504666,0.9183695300274506,-1.3932497882184631,0.9506878834784368,-1.1359873877799005,1
0.4303418713698168,0.4254310443087397,0.910482329258314,-0.5440806713393385,0.1069435031739548,1
-0.41248048875176696,-1.5514073986821448,-4.017642648509188,-0.9466886459710476,2.9807431366567245,0
-0.7731567290549115,-1.267049747767773,0.3562117291510547,0.2656298424603394,1.1716457410412509,0
-0.8628902303206378,-1.2172417597222691,-2.4664642238389733,-0.5970835352561861,0.9226442830131464,0
0.0040095630869055,-0.3682011718174146,-3.9152044906321417,-1.6025152560648888,1.1467342434491656,0
-0.8539685645083684,-1.5975735595089111,-4.2151829045658005,-0.6381988191280162,1.914283630590076,0
1.984626265683986,0.4275337431472495,-1.3929512053209518,-3.591834718939711,4.517253128186304,1
1.0831620822913808,0.3760313066308874,-0.6460887811786331,-2.1044634921804173,2.122328409783345,1
0.43667319697280926,1.047007981101872,-4.32123260619916,0.8702319364520572,-1.630799661170834,1
1.9862048324907626,2.542134368418097,-2.6204309014771185,0.3785503884727292,-1.3393126797422128,1
0.13384878148014465,-1.6162100145717635,3.961648314210243,-1.4381549121550794,4.623233745731917,0
1.7150103765392188,1.124818391388212,-2.241616896709661,-1.6624866661660875,1.807123809528108,0
-0.6211315560784127,-1.506132185405677,-0.6750951145900892,-0.7586072288867346,2.3014155671142507,0
1.0297728077341546,0.2767556202474499,-4.852284227822686,-1.897602341352668,2.2091018578181902,1
0.172669074457044,-1.471914023877119,-1.560491379840978,-1.3106814145895724,4.342163360122293,0
0.41201373651784656,-0.1508666172893897,-2.9961968177355702,-1.0956788631973131,1.5892105903693594,0
-0.9794014511448796,-1.3483673729149035,0.13649679455196662,-0.3112701299919127,0.9164596586323084,0
0.641506250070758,0.6383946915815051,-0.16768039899492448,0.6336899089575234,-0.0349558800559556,1
-0.48744878899822763,-0.5170848530412412,-5.816800087606647,-1.8409710055764616,0.2804809649693273,0
0.4456400207272242,0.1531464336333906,-0.9068417801275308,-1.0743993150802216,0.9036579319167756,1
-3.368531758614689,-3.088039078287111,-5.578839420559475,0.957777197455272,-1.0304049945960283,0
0.7587466315890143,0.9475338898532536,1.2288755670934117,1.4086855932741265,-0.6126409837088223,1
0.6667068411926295,0.5157678243126413,-4.551438016899835,-0.4418444760805106,0.477704474306326,1
1.398586929025767,0.3185307018210594,0.8885702499312123,-1.588980358724024,3.0198687464017078,0
0.1127058505950915,0.0258560685735735,-1.240391964762113,-2.186431867934047,0.5046296967268783,0
0.9552059432649627,1.5712426283394594,-3.2742608586344852,1.0469203349351188,-1.6372005048337552,1
-0.45500869156716867,-1.4514779587544766,-2.5908714605511878,-0.8746890102984259,2.608274166056751,0
0.5884634991782893,-0.2128831187577206,1.6191313307165145,-1.241804677843671,2.222151905483417,0
0.12513037699622429,-0.6470240214384384,-2.0477496254533745,-0.9934284688325036,2.089370398255188,0
0.6816558600618781,0.905573065227569,-0.7503037848309002,-0.0392610680251843,-0.5220302498728306,1
-2.654643439122207,-2.5633423666822512,-6.1576195500528605,0.4445179340055818,-0.4439586756196715,0
-0.26278498092903163,-0.2993589606757718,-6.772183318486992,-0.5990806914929816,0.1533515171852822,0
1.298228929920471,1.7220666037493846,-3.742132461269705,0.3257432007971961,-1.038518481731725,1
-0.5174969525456212,-0.7941678492779116,-3.533409061692955,-0.6618643190539324,0.754457035094115,1
-0.29873568787888005,-0.7566377061529034,-6.232129529830599,-0.7640468124044304,1.2393369680436566,0
1.0095783364326152,0.9457854461845768,-0.9098876601726171,-0.7951208702098045,0.3220803867041812,1
0.5958652646973691,0.9649213889333936,-2.7664620562736486,1.156939080138246,-1.0467900410622957,1
-1.4497962739818469,-1.843415759251058,-1.0471178065104452,0.6763327036699422,0.825640442763545,0
0.6450743276843823,-0.1330060623473865,-2.5932024702224914,-1.8420494655119892,2.2428825620292967,1
-2.5544205178340698,-2.3785040539484936,-10.77932516998661,-0.0193137288198849,-0.5933912593989792,0
0.5843989888052247,0.008904054092214,-6.547759751593931,-1.3722524321935807,1.6664721862798018,0
-0.21807001173857532,-0.4014776829731888,-4.802157858573992,-1.958676697052748,0.7007645924876077,0
0.7641102222437983,0.7390693603673602,-7.752924829508231,0.1467075844244502,0.0897245108439276,1
-3.0241564413818223,-3.121886148340178,-6.246410658154368,1.4404292116790498,-0.1135706076368389,0
0.2975927241134253,-0.18729692492281,-1.2020921144239363,-1.7582895121606077,1.4692048138892488,0
-0.23426167215764776,-1.2491025027254143,3.10422813129677,-0.8843798245083131,2.669025194860698,0
1.1795429253705678,0.8690449671668039,-4.979627238339542,-3.266385289280192,1.2711738570287148,0
1.0725881698171462,0.3929415727417086,-0.06896272849631024,1.4093376879056678,1.605277174781711,1
0.5874696971590336,1.184473617451607,-1.4257802288381338,1.0160388481210387,-1.6067043908145469,1
-0.4877695984379123,-0.7878585494154312,-5.102940220146823,-1.0972963808090996,0.8708883762852794,0
-1.3194965112404216,-1.64583623724728,-3.1182019032371544,-0.1990009140726982,0.7742114639066516,0
-0.5011024553025316,-0.5923196770299459,-5.268849314113258,-1.6927854411750285,0.4168046006355432,0
1.038809770935812,0.5072565823171351,-2.6699397261261772,-1.2840442812348842,1.570697465682008,0
0.7261590357444644,-0.3167437752591042,1.485440452321015,-1.3897457686263954,2.860869948587093,0
-0.2132447351713239,-1.9461249204348332,0.15409878044901792,-1.2187359190959803,4.5314011839358885,0
0.7610407257337365,1.6264342058575612,4.277203191814933,1.6271274374745703,-2.3539654310708733,1
-0.11348962263941129,-1.0727197983976693,-0.30979567308157896,-0.9206410160995684,2.539893465445428,0
0.8115324602062362,0.8129377758470682,-0.7191350850010894,0.9287362350889612,-0.073910689665263,0
-1.0625621898304187,-1.174395571069018,-4.36249646672666,-1.3220284289473705,0.3888403670103895,0
-1.4451524196641903,-1.4540765180524884,-6.456301892339335,-0.6907026938408394,0.0254055214315213,0
-0.8760007985232899,-2.307601439455537,0.15287598578896167,-0.8622260347221455,3.684003693147798,0
1.223361491437203,-0.0274852152152863,-1.9826639942888058,-1.6552814121980464,3.450561567658418,0
0.9268756172680657,1.2943001779446006,2.215191964812461,2.800754879787083,-1.2322113905082552,1
-1.4730408922564278,-2.6936193467614125,-1.1829548824371179,-0.5260765305728489,3.071662091502153,0
0.7604124718023674,-0.18092213938303,-5.61786201320424,-1.396405429757166,2.6064841234520406,0
-1.8412420292847762,-1.9931124428964744,-3.982733264181095,-0.2354974665335454,0.3062656505315925,0
0.21981410067782442,-0.1882928291141982,-6.848172550187124,-1.3592851712569372,1.2194185282525996,0
1.263905840391027,0.6247710871700984,3.189654736797707,-1.4719915713653653,1.880319288450792,0
1.0721573972563827,0.2718801057974558,-1.6678768863896793,-2.33674344187698,2.387135773750439,1
0.05562227998312275,-0.423078355838787,-5.438588380791736,-1.225791972111678,1.3715799786357166,0
0.4958079030031932,0.104613816839167,-2.1612803779093515,-1.0589812756980297,1.154633873621543,0
0.16724404591060876,-0.0624004982461271,-2.5750505974266558,-2.574548157078889,0.9188568230298032,0
0.489117322577995,0.7806127330003104,0.597395661137273,1.1366161084452058,-0.8540436261461883,0
0.5172580650069535,-0.8225622896995002,-2.674182523859658,-1.3246437943809748,3.59232185885956,0
-2.337921842909113,-2.460873876416128,-3.758174066888391,0.5737643334694091,0.1008929805555546,0
0.42957203090709417,-0.4484679138967029,-4.6929545051171395,-1.9633182356624304,2.4987975507407008,1
-0.28311664268626185,-1.2924543955584673,-2.757530995227647,-0.9313081509064572,2.658180213572314,0
1.3254127597792233,-0.0090216090397015,2.252542232365437,-3.3241011852921067,3.880482179329074,1
0.068117397591603,-0.1692702028331107,-2.561498417684214,-2.224786655694567,0.8881598886510319,0
-1.3584647627728157,-1.0788693983302828,-5.6873629471802944,-2.223930658123835,-0.5052783676261214,0
